{"type": "FeatureCollection", "features": [{"type": "Feature", "properties": {"codigo": "3106200", "nome": "Belo Horizonte"}, "geometry": {"type": "Polygon", "coordinates": [[[-43.8701, -19.9279], [-43.87, -19.9259], [-43.8693, -19.9242], [-43.8701, -19.9235], [-43.8705, -19.9203], [-43.871, -19.9192], [-43.8745, -19.917], [-43.8757, -19.9146], [-43.8768, -19.9143], [-43.8769, -19.912], [-43.8765, -19.911], [-43.8781, -19.9094], [-43.8801, -19.9083], [-43.8817, -19.9057], [-43.8819, -19.9041], [-43.8812, -19.9018], [-43.8834, -19.9016], [-43.8845, -19.9002], [-43.8854, -19.8981], [-43.8861, -19.8934], [-43.888, -19.8922], [-43.8891, -19.8945], [-43.8901, -19.8931], [-43.8898, -19.8919], [-43.8906, -19.8886], [-43.8903, -19.8867], [-43.892, -19.8863], [-43.8939, -19.8878], [-43.8955, -19.887], [-43.8962, -19.8859], [-43.8994, -19.8852], [-43.9035, -19.885], [-43.9041, -19.8862], [-43.9057, -19.8862], [-43.9066, -19.8846], [-43.9078, -19.8834], [-43.9086, -19.8802], [-43.9081, -19.8795], [-43.9098, -19.8763], [-43.9057, -19.8755], [-43.9004, -19.8766], [-43.8983, -19.8748], [-43.8971, -19.8729], [-43.8975, -19.8722], [-43.8972, -19.8698], [-43.8965, -19.8691], [-43.8959, -19.8656], [-43.8946, -19.8646], [-43.8923, -19.8657], [-43.8903, -19.8646], [-43.8899, -19.8636], [-43.8858, -19.8637], [-43.8842, -19.8624], [-43.8815, -19.8626], [-43.8804, -19.8634], [-43.8803, -19.8657], [-43.8789, -19.8666], [-43.8775, -19.8685], [-43.8765, -19.8674], [-43.8747, -19.8666], [-43.8737, -19.8649], [-43.8703, -19.8625], [-43.867, -19.8586], [-43.8666, -19.8574], [-43.8652, -19.8574], [-43.8632, -19.8559], [-43.862, -19.8559], [-43.8604, -19.8574], [-43.8572, -19.8563], [-43.8611, -19.8527], [-43.8647, -19.8505], [-43.8665, -19.8467], [-43.8674, -19.8456], [-43.868, -19.8422], [-43.8673, -19.8399], [-43.8653, -19.8392], [-43.8623, -19.8376], [-43.8641, -19.8352], [-43.8657, -19.8322], [-43.8654, -19.8314], [-43.8624, -19.8284], [-43.862, -19.8278], [-43.8619, -19.8263], [-43.8645, -19.8256], [-43.8682, -19.8256], [-43.8689, -19.8244], [-43.8689, -19.8215], [-43.87, -19.8197], [-43.8712, -19.8203], [-43.8744, -19.8202], [-43.8762, -19.818], [-43.8765, -19.8133], [-43.8801, -19.8142], [-43.8831, -19.8142], [-43.8837, -19.816], [-43.8859, -19.8151], [-43.8882, -19.8164], [-43.8898, -19.8163], [-43.8911, -19.8146], [-43.8932, -19.814], [-43.8939, -19.8103], [-43.8959, -19.8096], [-43.898, -19.8093], [-43.8985, -19.8082], [-43.8978, -19.8068], [-43.8973, -19.8038], [-43.8991, -19.8024], [-43.9023, -19.8043], [-43.9043, -19.8027], [-43.9072, -19.8032], [-43.9098, -19.8025], [-43.9103, -19.8011], [-43.9129, -19.7971], [-43.9159, -19.7975], [-43.918, -19.7984], [-43.9196, -19.8001], [-43.9209, -19.8022], [-43.9247, -19.7993], [-43.9287, -19.7987], [-43.9314, -19.7973], [-43.9337, -19.7952], [-43.9359, -19.7952], [-43.9377, -19.7971], [-43.9383, -19.7984], [-43.9404, -19.7994], [-43.9414, -19.7984], [-43.9444, -19.7973], [-43.9453, -19.7955], [-43.9478, -19.7928], [-43.9478, -19.7898], [-43.9474, -19.7881], [-43.9483, -19.7873], [-43.9475, -19.7856], [-43.9474, -19.7821], [-43.946, -19.7799], [-43.9456, -19.7783], [-43.9461, -19.7772], [-43.9508, -19.7765], [-43.9518, -19.7776], [-43.9543, -19.7773], [-43.9557, -19.7778], [-43.9582, -19.7779], [-43.9592, -19.779], [-43.9596, -19.7806], [-43.9614, -19.7807], [-43.9631, -19.7832], [-43.9657, -19.785], [-43.9656, -19.7868], [-43.9641, -19.7884], [-43.964, -19.7915], [-43.9666, -19.7915], [-43.9685, -19.7885], [-43.9695, -19.7882], [-43.9709, -19.7861], [-43.9725, -19.7852], [-43.9754, -19.7823], [-43.9774, -19.7822], [-43.9782, -19.7828], [-43.9797, -19.7824], [-43.9824, -19.7827], [-43.9842, -19.7843], [-43.9876, -19.7853], [-43.9893, -19.7847], [-43.9901, -19.7871], [-43.99, -19.7903], [-43.9902, -19.7932], [-43.991, -19.7959], [-43.9926, -19.7966], [-43.9953, -19.7963], [-43.9966, -19.7969], [-43.998, -19.7985], [-44.0012, -19.7998], [-44.0003, -19.8004], [-44.0006, -19.8054], [-44.0025, -19.8068], [-44.004, -19.8097], [-44.0058, -19.8101], [-44.0075, -19.8115], [-44.0084, -19.8141], [-44.0073, -19.8151], [-44.007, -19.8174], [-44.0056, -19.8204], [-44.0068, -19.8214], [-44.0095, -19.8228], [-44.0104, -19.826], [-44.0121, -19.8258], [-44.0135, -19.8263], [-44.0123, -19.8298], [-44.0145, -19.8316], [-44.0168, -19.8308], [-44.0166, -19.8322], [-44.0189, -19.8366], [-44.0201, -19.8373], [-44.02, -19.8384], [-44.0163, -19.847], [-44.0156, -19.8478], [-44.0087, -19.8535], [-44.0093, -19.8539], [-44.0135, -19.8544], [-44.0132, -19.8554], [-44.0112, -19.8575], [-44.0126, -19.858], [-44.0149, -19.8609], [-44.0159, -19.8601], [-44.0165, -19.8587], [-44.0192, -19.8602], [-44.019, -19.8624], [-44.0203, -19.8636], [-44.0202, -19.8649], [-44.021, -19.8664], [-44.0222, -19.867], [-44.0189, -19.8687], [-44.0183, -19.8705], [-44.0193, -19.8713], [-44.0181, -19.8738], [-44.0153, -19.8772], [-44.015, -19.8794], [-44.014, -19.8792], [-44.0131, -19.8821], [-44.0142, -19.8838], [-44.0144, -19.8867], [-44.0158, -19.8908], [-44.0158, -19.8917], [-44.0196, -19.8929], [-44.019, -19.8944], [-44.021, -19.895], [-44.0207, -19.8958], [-44.0226, -19.8964], [-44.0223, -19.8971], [-44.0242, -19.8977], [-44.024, -19.8985], [-44.0259, -19.8991], [-44.0256, -19.8999], [-44.0264, -19.9026], [-44.0254, -19.905], [-44.0257, -19.9065], [-44.0256, -19.9104], [-44.0273, -19.9124], [-44.0281, -19.9145], [-44.0281, -19.916], [-44.0269, -19.9165], [-44.0278, -19.9183], [-44.0267, -19.9186], [-44.0242, -19.9206], [-44.023, -19.9219], [-44.0211, -19.9253], [-44.0236, -19.9253], [-44.0248, -19.9274], [-44.0253, -19.9291], [-44.0244, -19.9335], [-44.0268, -19.9351], [-44.0271, -19.9372], [-44.0257, -19.9379], [-44.0238, -19.9435], [-44.0229, -19.9446], [-44.0205, -19.9458], [-44.0171, -19.9464], [-44.0161, -19.9469], [-44.013, -19.9465], [-44.0117, -19.9469], [-44.0095, -19.9501], [-44.0092, -19.9528], [-44.0068, -19.9537], [-44.0054, -19.955], [-44.0088, -19.9554], [-44.0113, -19.9551], [-44.0133, -19.9555], [-44.0143, -19.9568], [-44.0138, -19.9587], [-44.0123, -19.9601], [-44.0132, -19.9608], [-44.012, -19.963], [-44.0132, -19.9645], [-44.0124, -19.9666], [-44.0136, -19.9688], [-44.0157, -19.9702], [-44.018, -19.9703], [-44.0212, -19.9717], [-44.0236, -19.9721], [-44.0253, -19.973], [-44.0261, -19.9741], [-44.0281, -19.9751], [-44.031, -19.9769], [-44.032, -19.9792], [-44.0342, -19.9827], [-44.0366, -19.9838], [-44.0385, -19.9827], [-44.0451, -19.9754], [-44.0447, -19.9742], [-44.0469, -19.9738], [-44.0506, -19.9727], [-44.0537, -19.973], [-44.0551, -19.9742], [-44.0568, -19.9747], [-44.0627, -19.9736], [-44.0633, -19.9754], [-44.0629, -19.9768], [-44.061, -19.9762], [-44.0577, -19.9801], [-44.0579, -19.9815], [-44.0573, -19.983], [-44.0564, -19.9836], [-44.056, -19.9867], [-44.057, -19.9904], [-44.0551, -19.9934], [-44.0553, -19.9959], [-44.0539, -19.9964], [-44.0537, -19.9974], [-44.0513, -19.9976], [-44.0501, -19.9969], [-44.0481, -19.9976], [-44.0476, -20.0003], [-44.0464, -20.0002], [-44.0447, -20.0047], [-44.0427, -20.0065], [-44.0422, -20.0079], [-44.0408, -20.0091], [-44.0404, -20.0134], [-44.0389, -20.0148], [-44.0388, -20.0161], [-44.0368, -20.0183], [-44.0368, -20.0213], [-44.0345, -20.0215], [-44.0321, -20.0226], [-44.0314, -20.0243], [-44.0288, -20.0268], [-44.0268, -20.0291], [-44.0226, -20.0321], [-44.0207, -20.0329], [-44.02, -20.0338], [-44.0176, -20.0341], [-44.0169, -20.0358], [-44.0138, -20.0364], [-44.0101, -20.0393], [-44.0093, -20.0417], [-44.0108, -20.0439], [-44.0114, -20.0456], [-44.0143, -20.0469], [-44.0174, -20.0496], [-44.018, -20.0506], [-44.0177, -20.0532], [-44.0186, -20.0543], [-44.0146, -20.0577], [-44.0133, -20.0597], [-44.0082, -20.0588], [-44.0056, -20.0577], [-44.0033, -20.0577], [-44.0029, -20.057], [-44.0011, -20.0567], [-44.0023, -20.056], [-44.0019, -20.0548], [-44.0004, -20.0526], [-43.9986, -20.0515], [-43.9998, -20.0493], [-43.9987, -20.0472], [-43.9965, -20.0451], [-43.997, -20.0442], [-43.9988, -20.044], [-43.9996, -20.0432], [-43.9985, -20.0419], [-43.998, -20.0381], [-43.996, -20.0361], [-43.9954, -20.035], [-43.9934, -20.0337], [-43.9926, -20.0316], [-43.9933, -20.03], [-43.9923, -20.0289], [-43.9912, -20.0289], [-43.989, -20.0278], [-43.9889, -20.0264], [-43.9874, -20.0257], [-43.9862, -20.0229], [-43.9849, -20.021], [-43.9835, -20.0197], [-43.9832, -20.0171], [-43.9835, -20.0163], [-43.9814, -20.014], [-43.977, -20.0108], [-43.9754, -20.0087], [-43.9723, -20.0077], [-43.9679, -20.0052], [-43.966, -20.0036], [-43.9639, -20.003], [-43.9626, -20.0018], [-43.9595, -19.9983], [-43.9588, -19.9963], [-43.9573, -19.9946], [-43.9569, -19.9931], [-43.9558, -19.9928], [-43.9545, -19.9907], [-43.9527, -19.9903], [-43.9503, -19.9887], [-43.95, -19.9874], [-43.9485, -19.9865], [-43.9476, -19.9853], [-43.9472, -19.9834], [-43.9477, -19.9825], [-43.9397, -19.9754], [-43.9378, -19.9747], [-43.9337, -19.975], [-43.9325, -19.9728], [-43.9308, -19.9726], [-43.9306, -19.9708], [-43.9291, -19.9707], [-43.9254, -19.969], [-43.9234, -19.9675], [-43.9182, -19.9647], [-43.9162, -19.9638], [-43.9147, -19.9624], [-43.9108, -19.961], [-43.9092, -19.9599], [-43.908, -19.9581], [-43.9062, -19.9565], [-43.9038, -19.9556], [-43.9015, -19.9526], [-43.9003, -19.9525], [-43.8984, -19.9514], [-43.8973, -19.9513], [-43.8956, -19.9497], [-43.8955, -19.9487], [-43.8941, -19.9471], [-43.8908, -19.9461], [-43.8897, -19.9465], [-43.888, -19.9414], [-43.8863, -19.9419], [-43.8848, -19.9407], [-43.8848, -19.939], [-43.8826, -19.9374], [-43.8811, -19.937], [-43.8798, -19.9374], [-43.8787, -19.9357], [-43.877, -19.9345], [-43.8754, -19.9326], [-43.8725, -19.93], [-43.8716, -19.9299], [-43.8701, -19.9279]]]}}, {"type": "Feature", "properties": {"codigo": "3106705", "nome": "Betim"}, "geometry": {"type": "Polygon", "coordinates": [[[-44.162, -19.8422], [-44.163, -19.8424], [-44.1643, -19.8444], [-44.1662, -19.8452], [-44.1671, -19.8467], [-44.1691, -19.8469], [-44.1699, -19.8454], [-44.1696, -19.843], [-44.171, -19.8398], [-44.1709, -19.8384], [-44.1716, -19.837], [-44.1751, -19.835], [-44.1787, -19.8341], [-44.1817, -19.8318], [-44.1823, -19.8319], [-44.1843, -19.8345], [-44.1862, -19.8347], [-44.1902, -19.8395], [-44.1909, -19.8396], [-44.1929, -19.8414], [-44.1944, -19.8412], [-44.1957, -19.8398], [-44.1984, -19.8381], [-44.1998, -19.8367], [-44.2036, -19.8346], [-44.2079, -19.8344], [-44.2089, -19.833], [-44.2109, -19.8324], [-44.2144, -19.8319], [-44.2174, -19.8332], [-44.2198, -19.8338], [-44.2243, -19.836], [-44.2249, -19.8379], [-44.2266, -19.8411], [-44.2264, -19.843], [-44.2248, -19.844], [-44.2217, -19.8517], [-44.2229, -19.8536], [-44.2261, -19.8547], [-44.2272, -19.8538], [-44.2289, -19.8559], [-44.2321, -19.8563], [-44.233, -19.8573], [-44.2314, -19.8591], [-44.2308, -19.8619], [-44.2309, -19.8653], [-44.2315, -19.8681], [-44.2324, -19.8701], [-44.2352, -19.873], [-44.2362, -19.8753], [-44.2363, -19.879], [-44.2375, -19.8798], [-44.2399, -19.8792], [-44.2423, -19.8799], [-44.2437, -19.8816], [-44.2452, -19.8821], [-44.2474, -19.8811], [-44.2486, -19.8819], [-44.2485, -19.8832], [-44.2495, -19.8839], [-44.2535, -19.8839], [-44.255, -19.8842], [-44.2579, -19.8836], [-44.2587, -19.8823], [-44.2601, -19.8818], [-44.262, -19.8802], [-44.2644, -19.8806], [-44.2667, -19.8794], [-44.2677, -19.8838], [-44.2705, -19.8848], [-44.2714, -19.8865], [-44.2752, -19.8845], [-44.2791, -19.885], [-44.2818, -19.8894], [-44.2821, -19.8906], [-44.2843, -19.8928], [-44.2876, -19.8923], [-44.2918, -19.8943], [-44.2951, -19.8945], [-44.2941, -19.8963], [-44.2935, -19.8982], [-44.2959, -19.9036], [-44.298, -19.9056], [-44.2986, -19.9068], [-44.299, -19.9096], [-44.2997, -19.9105], [-44.3029, -19.9104], [-44.3093, -19.9074], [-44.3126, -19.9064], [-44.3151, -19.9065], [-44.3156, -19.9069], [-44.3161, -19.9115], [-44.3159, -19.9132], [-44.3162, -19.9166], [-44.3173, -19.918], [-44.3157, -19.9196], [-44.3144, -19.9233], [-44.3118, -19.9259], [-44.3104, -19.9264], [-44.3071, -19.9255], [-44.3064, -19.9287], [-44.3045, -19.9305], [-44.3058, -19.9336], [-44.3087, -19.9342], [-44.3109, -19.9337], [-44.312, -19.9342], [-44.315, -19.9368], [-44.3153, -19.9379], [-44.3165, -19.9383], [-44.3153, -19.939], [-44.3134, -19.9447], [-44.3105, -19.9445], [-44.3081, -19.9466], [-44.3049, -19.9487], [-44.3012, -19.9497], [-44.3004, -19.9506], [-44.3, -19.9524], [-44.2975, -19.954], [-44.2963, -19.9564], [-44.2958, -19.9594], [-44.2952, -19.9592], [-44.2928, -19.9623], [-44.2905, -19.9624], [-44.2875, -19.9598], [-44.2831, -19.9604], [-44.281, -19.9621], [-44.2793, -19.9673], [-44.2763, -19.9707], [-44.2761, -19.973], [-44.2766, -19.9748], [-44.2734, -19.9779], [-44.2723, -19.9792], [-44.2722, -19.9804], [-44.2741, -19.9807], [-44.2751, -19.9823], [-44.2732, -19.9868], [-44.2719, -19.989], [-44.2711, -19.9919], [-44.2702, -19.996], [-44.2715, -19.998], [-44.2712, -20.0009], [-44.2703, -20.0039], [-44.2677, -20.0042], [-44.2672, -20.0038], [-44.2662, -20.0005], [-44.2653, -20.0], [-44.261, -20.0016], [-44.2581, -20.0031], [-44.2574, -20.0038], [-44.2589, -20.0061], [-44.2577, -20.0082], [-44.2563, -20.0091], [-44.2541, -20.0118], [-44.2531, -20.0141], [-44.253, -20.0169], [-44.2535, -20.0175], [-44.2579, -20.0188], [-44.258, -20.0209], [-44.2554, -20.023], [-44.2544, -20.0251], [-44.2551, -20.0262], [-44.2583, -20.0264], [-44.2596, -20.0268], [-44.2622, -20.0286], [-44.2636, -20.0321], [-44.2638, -20.0339], [-44.2629, -20.0345], [-44.2597, -20.0355], [-44.2569, -20.038], [-44.2558, -20.0416], [-44.2551, -20.0451], [-44.253, -20.0459], [-44.2511, -20.0447], [-44.2497, -20.0421], [-44.2477, -20.0415], [-44.2467, -20.0442], [-44.2454, -20.0469], [-44.2429, -20.0495], [-44.2416, -20.0497], [-44.2386, -20.0494], [-44.2376, -20.0489], [-44.2366, -20.0446], [-44.2363, -20.0415], [-44.2367, -20.0383], [-44.2327, -20.037], [-44.2305, -20.0374], [-44.2266, -20.0369], [-44.2244, -20.0386], [-44.2227, -20.0407], [-44.2186, -20.0425], [-44.2153, -20.0421], [-44.2151, -20.0434], [-44.2163, -20.0451], [-44.2183, -20.0467], [-44.2187, -20.0487], [-44.2141, -20.0481], [-44.2124, -20.0484], [-44.2096, -20.0475], [-44.2082, -20.0461], [-44.2067, -20.0436], [-44.2052, -20.0425], [-44.2019, -20.043], [-44.2005, -20.0454], [-44.2002, -20.0481], [-44.1986, -20.0486], [-44.1968, -20.0501], [-44.1963, -20.0512], [-44.1953, -20.0518], [-44.1931, -20.0496], [-44.1908, -20.0485], [-44.1899, -20.047], [-44.1904, -20.0459], [-44.1893, -20.0451], [-44.1877, -20.0463], [-44.1849, -20.0476], [-44.1831, -20.0476], [-44.1827, -20.0462], [-44.1812, -20.0459], [-44.1798, -20.042], [-44.1771, -20.0398], [-44.1752, -20.0392], [-44.1749, -20.0371], [-44.1774, -20.036], [-44.1797, -20.0359], [-44.18, -20.031], [-44.1784, -20.0312], [-44.1757, -20.0293], [-44.1727, -20.0293], [-44.1715, -20.0301], [-44.1702, -20.0292], [-44.1682, -20.0291], [-44.1674, -20.0298], [-44.1658, -20.0293], [-44.164, -20.027], [-44.1634, -20.025], [-44.1623, -20.0245], [-44.1614, -20.0253], [-44.1614, -20.0275], [-44.1582, -20.0273], [-44.1573, -20.0284], [-44.1574, -20.0301], [-44.1548, -20.0299], [-44.1531, -20.0302], [-44.1516, -20.0271], [-44.1522, -20.0254], [-44.1532, -20.0252], [-44.1535, -20.0222], [-44.1525, -20.0203], [-44.1516, -20.0197], [-44.1512, -20.0176], [-44.1495, -20.0178], [-44.149, -20.0185], [-44.147, -20.0178], [-44.1448, -20.0189], [-44.1441, -20.0181], [-44.1421, -20.0188], [-44.1417, -20.0211], [-44.1404, -20.0235], [-44.139, -20.0251], [-44.1377, -20.0284], [-44.1375, -20.0303], [-44.1362, -20.0306], [-44.1344, -20.0289], [-44.1318, -20.0282], [-44.129, -20.0292], [-44.126, -20.0298], [-44.1243, -20.0286], [-44.124, -20.0257], [-44.1235, -20.0252], [-44.1243, -20.0234], [-44.1241, -20.0221], [-44.1228, -20.0219], [-44.1197, -20.0232], [-44.1161, -20.0236], [-44.1172, -20.0224], [-44.1145, -20.0215], [-44.1129, -20.0222], [-44.1118, -20.0211], [-44.1131, -20.0204], [-44.1172, -20.0198], [-44.1216, -20.0185], [-44.1231, -20.016], [-44.125, -20.0151], [-44.1283, -20.0156], [-44.1303, -20.0147], [-44.1306, -20.0096], [-44.1299, -20.0091], [-44.1276, -20.0095], [-44.1263, -20.0086], [-44.1253, -20.0086], [-44.1219, -20.006], [-44.1194, -20.0045], [-44.118, -20.0043], [-44.1159, -20.0018], [-44.1122, -20.0017], [-44.1112, -20.0013], [-44.111, -19.9999], [-44.1121, -19.999], [-44.1109, -19.9966], [-44.1119, -19.9957], [-44.1122, -19.994], [-44.1104, -19.9919], [-44.1116, -19.9907], [-44.1115, -19.9882], [-44.1078, -19.9858], [-44.1053, -19.9865], [-44.103, -19.9867], [-44.0994, -19.9873], [-44.0978, -19.987], [-44.0972, -19.9853], [-44.0953, -19.9824], [-44.0909, -19.9795], [-44.0874, -19.9802], [-44.0854, -19.9787], [-44.0855, -19.9773], [-44.0844, -19.9769], [-44.0829, -19.9743], [-44.0833, -19.9723], [-44.083, -19.9693], [-44.0813, -19.9664], [-44.0804, -19.9664], [-44.0795, -19.9682], [-44.0777, -19.9682], [-44.0756, -19.9672], [-44.0728, -19.9634], [-44.0714, -19.9627], [-44.071, -19.9613], [-44.0697, -19.9601], [-44.0694, -19.9588], [-44.0675, -19.9561], [-44.0678, -19.9539], [-44.0674, -19.9523], [-44.0689, -19.9488], [-44.0699, -19.948], [-44.0723, -19.9479], [-44.0749, -19.9457], [-44.0767, -19.9433], [-44.0765, -19.9413], [-44.0791, -19.9385], [-44.081, -19.9373], [-44.0831, -19.9353], [-44.0863, -19.9345], [-44.0895, -19.9344], [-44.0908, -19.9337], [-44.0917, -19.9324], [-44.0945, -19.9319], [-44.0962, -19.9299], [-44.0974, -19.9295], [-44.0996, -19.9296], [-44.1032, -19.9289], [-44.106, -19.9274], [-44.1084, -19.9279], [-44.1092, -19.9314], [-44.1127, -19.9356], [-44.114, -19.9359], [-44.1204, -19.9348], [-44.1218, -19.9355], [-44.125, -19.9329], [-44.1275, -19.927], [-44.1295, -19.9275], [-44.1298, -19.9266], [-44.1375, -19.9265], [-44.1393, -19.924], [-44.1424, -19.9249], [-44.1439, -19.9245], [-44.1471, -19.9217], [-44.1486, -19.921], [-44.1508, -19.9209], [-44.1508, -19.9188], [-44.1517, -19.9174], [-44.1529, -19.9142], [-44.1562, -19.9103], [-44.1562, -19.9088], [-44.1549, -19.9055], [-44.155, -19.9013], [-44.1554, -19.8999], [-44.1566, -19.8977], [-44.1572, -19.8925], [-44.1583, -19.8899], [-44.158, -19.888], [-44.1565, -19.8878], [-44.1555, -19.8867], [-44.155, -19.8834], [-44.1555, -19.8831], [-44.1537, -19.8798], [-44.1541, -19.879], [-44.154, -19.8757], [-44.1543, -19.8745], [-44.1536, -19.8711], [-44.1528, -19.8691], [-44.1532, -19.8672], [-44.1516, -19.8664], [-44.1511, -19.8653], [-44.1516, -19.8636], [-44.1506, -19.8628], [-44.1508, -19.8604], [-44.1497, -19.8578], [-44.1497, -19.8559], [-44.1517, -19.8528], [-44.1532, -19.8513], [-44.1537, -19.8493], [-44.1564, -19.8483], [-44.1581, -19.8459], [-44.1587, -19.8439], [-44.1607, -19.8432], [-44.162, -19.8422]]]}}, {"type": "Feature", "properties": {"codigo": "3117504", "nome": "Conceição do Mato Dentro"}, "geometry": {"type": "Polygon", "coordinates": [[[-43.6223, -19.0768], [-43.6219, -19.0789], [-43.6204, -19.0832], [-43.6172, -19.0895], [-43.615, -19.0957], [-43.6131, -19.0984], [-43.6122, -19.1012], [-43.6104, -19.1022], [-43.6094, -19.102], [-43.6071, -19.1003], [-43.598, -19.1001], [-43.5967, -19.1007], [-43.5955, -19.1032], [-43.5945, -19.107], [-43.5934, -19.1089], [-43.5905, -19.1123], [-43.5881, -19.1133], [-43.586, -19.1134], [-43.584, -19.1143], [-43.5815, -19.1143], [-43.5786, -19.1156], [-43.5754, -19.1178], [-43.5721, -19.1188], [-43.5701, -19.1188], [-43.5675, -19.1195], [-43.5651, -19.1213], [-43.5638, -19.1244], [-43.563, -19.1274], [-43.5618, -19.129], [-43.5603, -19.1301], [-43.5574, -19.1314], [-43.5558, -19.1333], [-43.5555, -19.1358], [-43.5529, -19.1383], [-43.5528, -19.1398], [-43.5536, -19.1423], [-43.5523, -19.1466], [-43.5512, -19.1488], [-43.5493, -19.1516], [-43.5483, -19.1541], [-43.5484, -19.1564], [-43.5502, -19.1587], [-43.5503, -19.1606], [-43.5491, -19.1632], [-43.5496, -19.1645], [-43.547, -19.1648], [-43.5422, -19.166], [-43.5407, -19.1656], [-43.5394, -19.1639], [-43.5371, -19.1626], [-43.5344, -19.1621], [-43.5323, -19.1623], [-43.5291, -19.1642], [-43.5265, -19.1649], [-43.5231, -19.1662], [-43.5212, -19.1665], [-43.5204, -19.1657], [-43.5198, -19.1629], [-43.518, -19.1612], [-43.5169, -19.1591], [-43.5145, -19.1594], [-43.5118, -19.1626], [-43.5115, -19.1658], [-43.5107, -19.167], [-43.5075, -19.1683], [-43.5057, -19.1701], [-43.5053, -19.1725], [-43.5025, -19.1755], [-43.5018, -19.1783], [-43.4989, -19.1812], [-43.4981, -19.1829], [-43.4973, -19.1834], [-43.4936, -19.1819], [-43.4904, -19.1816], [-43.4889, -19.1811], [-43.4873, -19.1798], [-43.4866, -19.1776], [-43.484, -19.1764], [-43.4784, -19.1767], [-43.4754, -19.1763], [-43.472, -19.1748], [-43.4712, -19.1741], [-43.4711, -19.1718], [-43.4706, -19.171], [-43.4681, -19.1707], [-43.4656, -19.1689], [-43.4651, -19.1657], [-43.4633, -19.1617], [-43.4626, -19.1579], [-43.46, -19.154], [-43.4596, -19.1507], [-43.46, -19.1469], [-43.4588, -19.1447], [-43.4574, -19.1406], [-43.4571, -19.1388], [-43.4563, -19.1377], [-43.4549, -19.1373], [-43.4526, -19.1386], [-43.4478, -19.1396], [-43.4427, -19.1402], [-43.4401, -19.14], [-43.4379, -19.1412], [-43.436, -19.1416], [-43.4325, -19.1434], [-43.4281, -19.1441], [-43.4222, -19.1439], [-43.4197, -19.1433], [-43.4147, -19.1397], [-43.4116, -19.1385], [-43.409, -19.1385], [-43.4017, -19.1404], [-43.3986, -19.1406], [-43.3972, -19.1425], [-43.3948, -19.1432], [-43.3931, -19.1444], [-43.3917, -19.1442], [-43.39, -19.1431], [-43.3874, -19.1435], [-43.3841, -19.1421], [-43.3795, -19.1419], [-43.3774, -19.1403], [-43.3745, -19.14], [-43.3707, -19.1415], [-43.3697, -19.1414], [-43.3687, -19.1398], [-43.3683, -19.1369], [-43.3658, -19.135], [-43.3639, -19.1312], [-43.3596, -19.1284], [-43.3554, -19.1261], [-43.3545, -19.1239], [-43.3551, -19.1232], [-43.3586, -19.121], [-43.3595, -19.1198], [-43.3585, -19.1185], [-43.3538, -19.118], [-43.3531, -19.1174], [-43.3522, -19.1137], [-43.3513, -19.1125], [-43.3493, -19.111], [-43.3491, -19.1087], [-43.3478, -19.1045], [-43.3476, -19.1009], [-43.3466, -19.0994], [-43.3441, -19.099], [-43.3428, -19.1003], [-43.3405, -19.1012], [-43.3351, -19.1046], [-43.332, -19.1058], [-43.3287, -19.1082], [-43.3264, -19.1106], [-43.3243, -19.1119], [-43.3194, -19.1135], [-43.3177, -19.1148], [-43.3168, -19.1181], [-43.3182, -19.1201], [-43.3204, -19.1215], [-43.322, -19.1245], [-43.3217, -19.1281], [-43.3203, -19.1319], [-43.3178, -19.1336], [-43.3106, -19.1358], [-43.3093, -19.1376], [-43.3098, -19.1393], [-43.3111, -19.1419], [-43.3101, -19.1435], [-43.3073, -19.1444], [-43.302, -19.1473], [-43.3008, -19.1485], [-43.3, -19.1502], [-43.2987, -19.1516], [-43.2968, -19.1526], [-43.294, -19.1556], [-43.2912, -19.1571], [-43.2873, -19.1605], [-43.2856, -19.1634], [-43.2839, -19.1653], [-43.2805, -19.1682], [-43.2786, -19.1693], [-43.2726, -19.1721], [-43.2712, -19.173], [-43.269, -19.1752], [-43.2678, -19.1776], [-43.2656, -19.1808], [-43.2636, -19.183], [-43.2603, -19.186], [-43.2576, -19.1904], [-43.2553, -19.1928], [-43.2538, -19.1949], [-43.249, -19.2004], [-43.246, -19.2049], [-43.2432, -19.2068], [-43.2396, -19.2089], [-43.2346, -19.2123], [-43.2315, -19.2139], [-43.2262, -19.2147], [-43.2238, -19.2139], [-43.2202, -19.2134], [-43.2173, -19.2124], [-43.2171, -19.2107], [-43.2186, -19.2089], [-43.2176, -19.207], [-43.2143, -19.206], [-43.2132, -19.2059], [-43.2098, -19.2033], [-43.2084, -19.2028], [-43.2055, -19.2023], [-43.1986, -19.2018], [-43.1971, -19.2023], [-43.1966, -19.2037], [-43.1991, -19.2065], [-43.1993, -19.2084], [-43.1988, -19.2097], [-43.1962, -19.2109], [-43.1943, -19.2131], [-43.1907, -19.2137], [-43.186, -19.2165], [-43.1853, -19.2177], [-43.1857, -19.2204], [-43.1855, -19.2253], [-43.1858, -19.2271], [-43.1854, -19.2321], [-43.1858, -19.2334], [-43.1871, -19.2342], [-43.1902, -19.2351], [-43.1923, -19.2366], [-43.1929, -19.2387], [-43.1922, -19.2415], [-43.1912, -19.2423], [-43.1899, -19.2415], [-43.1894, -19.2397], [-43.1878, -19.2388], [-43.1868, -19.2392], [-43.1853, -19.2419], [-43.1822, -19.2427], [-43.179, -19.2408], [-43.177, -19.2402], [-43.1763, -19.239], [-43.1774, -19.2375], [-43.1787, -19.2369], [-43.179, -19.2355], [-43.1801, -19.2346], [-43.1788, -19.2333], [-43.175, -19.2338], [-43.1726, -19.2337], [-43.1689, -19.2356], [-43.1661, -19.2375], [-43.1656, -19.2383], [-43.1649, -19.242], [-43.1627, -19.2471], [-43.159, -19.252], [-43.156, -19.2538], [-43.1518, -19.2541], [-43.1504, -19.2536], [-43.1495, -19.2523], [-43.1478, -19.2515], [-43.1442, -19.2465], [-43.1424, -19.2456], [-43.1379, -19.2465], [-43.1362, -19.2462], [-43.1325, -19.245], [-43.1305, -19.2431], [-43.1306, -19.2396], [-43.13, -19.2386], [-43.1263, -19.237], [-43.1253, -19.2371], [-43.1213, -19.2393], [-43.1209, -19.2411], [-43.1213, -19.2426], [-43.1236, -19.2448], [-43.1239, -19.2463], [-43.1207, -19.2495], [-43.1165, -19.2514], [-43.1132, -19.2525], [-43.1113, -19.2539], [-43.1089, -19.2544], [-43.1048, -19.2532], [-43.1002, -19.253], [-43.0995, -19.2521], [-43.0988, -19.2481], [-43.1005, -19.2461], [-43.1035, -19.2436], [-43.1072, -19.2417], [-43.1121, -19.2375], [-43.1125, -19.2366], [-43.1125, -19.2337], [-43.1143, -19.2308], [-43.1177, -19.2266], [-43.1191, -19.2253], [-43.1199, -19.2235], [-43.1202, -19.2212], [-43.1215, -19.2202], [-43.1195, -19.2168], [-43.1196, -19.2152], [-43.1207, -19.2142], [-43.1203, -19.2124], [-43.1179, -19.2106], [-43.1173, -19.2083], [-43.1174, -19.2062], [-43.1195, -19.2043], [-43.1191, -19.202], [-43.1177, -19.1994], [-43.1179, -19.1977], [-43.1208, -19.1955], [-43.1226, -19.1945], [-43.1275, -19.1903], [-43.1302, -19.1876], [-43.1317, -19.1872], [-43.1333, -19.1853], [-43.1347, -19.183], [-43.1362, -19.1817], [-43.1424, -19.1796], [-43.1444, -19.1793], [-43.147, -19.1785], [-43.1462, -19.1767], [-43.1432, -19.176], [-43.1409, -19.1721], [-43.1393, -19.1689], [-43.1388, -19.1667], [-43.1399, -19.1651], [-43.145, -19.164], [-43.1457, -19.1633], [-43.1456, -19.1612], [-43.1435, -19.1573], [-43.1438, -19.1544], [-43.1461, -19.1523], [-43.1469, -19.1495], [-43.1485, -19.1457], [-43.1506, -19.1435], [-43.1512, -19.1401], [-43.1524, -19.1379], [-43.1559, -19.1371], [-43.1563, -19.1361], [-43.1551, -19.1344], [-43.1542, -19.1305], [-43.1567, -19.1299], [-43.1584, -19.1299], [-43.1614, -19.1309], [-43.1623, -19.1322], [-43.1652, -19.1328], [-43.1676, -19.1307], [-43.1676, -19.1287], [-43.1659, -19.1267], [-43.1617, -19.1241], [-43.1583, -19.1198], [-43.1597, -19.1179], [-43.164, -19.1179], [-43.1625, -19.1152], [-43.1635, -19.1146], [-43.1699, -19.1192], [-43.1727, -19.123], [-43.1729, -19.1244], [-43.1758, -19.1321], [-43.1773, -19.1339], [-43.1793, -19.1368], [-43.1824, -19.1394], [-43.1862, -19.1395], [-43.1921, -19.1405], [-43.1931, -19.1385], [-43.1927, -19.1346], [-43.1938, -19.1338], [-43.1985, -19.1349], [-43.2021, -19.1351], [-43.2037, -19.1373], [-43.2079, -19.1375], [-43.2143, -19.1391], [-43.2153, -19.1389], [-43.2171, -19.1373], [-43.2181, -19.1369], [-43.2225, -19.1395], [-43.224, -19.1399], [-43.227, -19.1365], [-43.231, -19.1339], [-43.2316, -19.1315], [-43.2328, -19.13], [-43.235, -19.1296], [-43.2369, -19.1316], [-43.2403, -19.1342], [-43.2429, -19.1345], [-43.2478, -19.1363], [-43.2495, -19.1387], [-43.2517, -19.1399], [-43.2547, -19.1399], [-43.2575, -19.1394], [-43.2595, -19.1385], [-43.2642, -19.1373], [-43.2677, -19.1375], [-43.2693, -19.1364], [-43.2712, -19.1329], [-43.2737, -19.1311], [-43.277, -19.1299], [-43.2776, -19.129], [-43.2775, -19.1268], [-43.2763, -19.1245], [-43.2736, -19.1216], [-43.2721, -19.1174], [-43.2685, -19.1138], [-43.2692, -19.1104], [-43.2701, -19.108], [-43.2709, -19.1074], [-43.2739, -19.1083], [-43.2803, -19.1062], [-43.2822, -19.1053], [-43.2847, -19.1037], [-43.2889, -19.1025], [-43.2918, -19.102], [-43.2929, -19.101], [-43.295, -19.0977], [-43.2958, -19.0965], [-43.2982, -19.0948], [-43.3012, -19.094], [-43.3054, -19.0934], [-43.3075, -19.0927], [-43.311, -19.091], [-43.313, -19.0904], [-43.316, -19.0884], [-43.3183, -19.0859], [-43.3165, -19.0813], [-43.3167, -19.0794], [-43.3189, -19.0768], [-43.3198, -19.0725], [-43.3213, -19.0691], [-43.3215, -19.0673], [-43.3204, -19.0658], [-43.3188, -19.0659], [-43.3163, -19.0668], [-43.3134, -19.0669], [-43.3112, -19.066], [-43.3114, -19.0628], [-43.3104, -19.06], [-43.3086, -19.0583], [-43.3055, -19.0566], [-43.3058, -19.0557], [-43.3081, -19.0527], [-43.3068, -19.0513], [-43.3021, -19.0501], [-43.2988, -19.049], [-43.2953, -19.0485], [-43.2932, -19.0471], [-43.2932, -19.0451], [-43.2925, -19.0433], [-43.2947, -19.0394], [-43.2947, -19.0368], [-43.2964, -19.0345], [-43.2974, -19.0324], [-43.2974, -19.0304], [-43.2964, -19.0282], [-43.2938, -19.0251], [-43.2936, -19.0231], [-43.2949, -19.0209], [-43.2958, -19.0204], [-43.2999, -19.02], [-43.3047, -19.0186], [-43.306, -19.0155], [-43.3076, -19.0139], [-43.3106, -19.0132], [-43.3118, -19.0123], [-43.3132, -19.0092], [-43.3134, -19.0073], [-43.3143, -19.0049], [-43.3139, -19.0029], [-43.3142, -19.0009], [-43.3157, -18.9995], [-43.316, -18.9985], [-43.3155, -18.9934], [-43.3139, -18.9882], [-43.314, -18.983], [-43.3148, -18.9802], [-43.3158, -18.9785], [-43.3156, -18.9761], [-43.3143, -18.9747], [-43.3131, -18.9721], [-43.3117, -18.9707], [-43.3096, -18.9668], [-43.3084, -18.9661], [-43.3087, -18.9638], [-43.3095, -18.9627], [-43.3124, -18.9608], [-43.3141, -18.9579], [-43.316, -18.958], [-43.3171, -18.9559], [-43.3195, -18.9559], [-43.3208, -18.9519], [-43.322, -18.9515], [-43.3217, -18.9503], [-43.3236, -18.9502], [-43.3257, -18.9477], [-43.3285, -18.9457], [-43.3295, -18.9455], [-43.3331, -18.9467], [-43.3351, -18.9483], [-43.3361, -18.9502], [-43.3368, -18.9492], [-43.3356, -18.9476], [-43.3355, -18.9459], [-43.337, -18.9454], [-43.3369, -18.9439], [-43.338, -18.9425], [-43.3399, -18.9422], [-43.3412, -18.9426], [-43.3454, -18.9419], [-43.343, -18.9394], [-43.3435, -18.9381], [-43.3454, -18.9376], [-43.3461, -18.9369], [-43.3476, -18.9332], [-43.348, -18.9314], [-43.3494, -18.9299], [-43.3516, -18.9309], [-43.3528, -18.9295], [-43.3528, -18.9271], [-43.3514, -18.9245], [-43.3528, -18.9209], [-43.3539, -18.9194], [-43.3539, -18.9164], [-43.3545, -18.915], [-43.3566, -18.9128], [-43.359, -18.9124], [-43.3629, -18.9137], [-43.3644, -18.9135], [-43.3676, -18.9117], [-43.371, -18.9118], [-43.3724, -18.9131], [-43.3738, -18.9124], [-43.3672, -18.9073], [-43.3647, -18.9062], [-43.3613, -18.9065], [-43.3579, -18.9059], [-43.3572, -18.9048], [-43.3563, -18.9016], [-43.3552, -18.9003], [-43.3545, -18.8982], [-43.353, -18.8969], [-43.3521, -18.897], [-43.3495, -18.8985], [-43.3482, -18.8985], [-43.3441, -18.8973], [-43.3411, -18.8987], [-43.3392, -18.8985], [-43.3381, -18.897], [-43.3382, -18.8936], [-43.3376, -18.8915], [-43.3359, -18.889], [-43.3334, -18.8883], [-43.3308, -18.8886], [-43.3278, -18.8879], [-43.3232, -18.8857], [-43.3212, -18.8858], [-43.3192, -18.8852], [-43.3159, -18.883], [-43.3148, -18.883], [-43.3114, -18.8842], [-43.3095, -18.8844], [-43.3078, -18.884], [-43.3062, -18.8823], [-43.3063, -18.8777], [-43.307, -18.8759], [-43.307, -18.8735], [-43.308, -18.8708], [-43.3078, -18.8678], [-43.3096, -18.8675], [-43.3107, -18.8683], [-43.3121, -18.8679], [-43.3111, -18.8705], [-43.3113, -18.8732], [-43.313, -18.8741], [-43.3166, -18.8726], [-43.3181, -18.8725], [-43.3204, -18.8713], [-43.322, -18.8709], [-43.323, -18.8701], [-43.3253, -18.871], [-43.3266, -18.8704], [-43.33, -18.8706], [-43.3309, -18.871], [-43.3339, -18.8693], [-43.3354, -18.8693], [-43.3372, -18.8685], [-43.339, -18.8691], [-43.3401, -18.8701], [-43.3449, -18.8668], [-43.3466, -18.8676], [-43.3491, -18.8652], [-43.3502, -18.8661], [-43.3532, -18.8648], [-43.3543, -18.8632], [-43.3561, -18.8623], [-43.3576, -18.8625], [-43.3584, -18.8613], [-43.3602, -18.861], [-43.3623, -18.8631], [-43.3641, -18.8636], [-43.3652, -18.8628], [-43.3673, -18.8631], [-43.3683, -18.861], [-43.3696, -18.8596], [-43.372, -18.8607], [-43.3729, -18.8605], [-43.3748, -18.8579], [-43.3758, -18.8574], [-43.3793, -18.8571], [-43.3813, -18.8577], [-43.3833, -18.8598], [-43.3854, -18.8609], [-43.387, -18.86], [-43.3885, -18.8599], [-43.3896, -18.8578], [-43.3922, -18.8566], [-43.3931, -18.8608], [-43.3941, -18.8606], [-43.3954, -18.8592], [-43.3972, -18.8612], [-43.4001, -18.8612], [-43.4039, -18.8606], [-43.4058, -18.8619], [-43.4067, -18.8653], [-43.4081, -18.8656], [-43.4105, -18.864], [-43.4135, -18.8659], [-43.4143, -18.8677], [-43.4156, -18.8686], [-43.4169, -18.8709], [-43.4186, -18.8717], [-43.4196, -18.8749], [-43.4193, -18.8776], [-43.4231, -18.8787], [-43.4228, -18.881], [-43.4235, -18.8816], [-43.4264, -18.8808], [-43.4273, -18.881], [-43.4325, -18.8854], [-43.4341, -18.8885], [-43.4359, -18.8879], [-43.4351, -18.8849], [-43.4337, -18.8829], [-43.433, -18.8796], [-43.4342, -18.8771], [-43.4363, -18.8762], [-43.4368, -18.8754], [-43.4367, -18.8728], [-43.4373, -18.8715], [-43.4392, -18.8691], [-43.4401, -18.8669], [-43.4398, -18.865], [-43.4405, -18.8633], [-43.4431, -18.8625], [-43.4458, -18.8641], [-43.4503, -18.8636], [-43.4522, -18.8641], [-43.4535, -18.8635], [-43.4563, -18.8593], [-43.4586, -18.8588], [-43.4604, -18.8569], [-43.4612, -18.8545], [-43.4611, -18.8519], [-43.4563, -18.8498], [-43.4548, -18.8496], [-43.4533, -18.8476], [-43.4537, -18.8453], [-43.4555, -18.8437], [-43.4572, -18.8405], [-43.4583, -18.8395], [-43.459, -18.8362], [-43.4606, -18.8326], [-43.4615, -18.8276], [-43.4619, -18.8229], [-43.4618, -18.8204], [-43.4621, -18.8173], [-43.4638, -18.8104], [-43.4654, -18.8075], [-43.4676, -18.8059], [-43.4701, -18.8062], [-43.4722, -18.8074], [-43.4763, -18.8074], [-43.4793, -18.8077], [-43.4807, -18.8082], [-43.4828, -18.8097], [-43.4846, -18.8104], [-43.4859, -18.8099], [-43.4882, -18.8061], [-43.4911, -18.8037], [-43.4934, -18.8025], [-43.4969, -18.8011], [-43.4983, -18.7986], [-43.4991, -18.7939], [-43.5007, -18.7894], [-43.5024, -18.7883], [-43.5042, -18.7864], [-43.507, -18.7852], [-43.5081, -18.7843], [-43.5104, -18.7841], [-43.5154, -18.7825], [-43.5162, -18.7819], [-43.5174, -18.779], [-43.5181, -18.7783], [-43.5222, -18.7787], [-43.5248, -18.7781], [-43.5273, -18.7785], [-43.5303, -18.7785], [-43.5322, -18.78], [-43.5335, -18.7797], [-43.5361, -18.7759], [-43.5363, -18.7749], [-43.5355, -18.7737], [-43.5315, -18.7725], [-43.529, -18.7711], [-43.5267, -18.7693], [-43.5247, -18.7703], [-43.5212, -18.7684], [-43.5182, -18.7674], [-43.5157, -18.7653], [-43.5139, -18.7643], [-43.51, -18.759], [-43.5075, -18.7574], [-43.5051, -18.7574], [-43.5043, -18.7561], [-43.5042, -18.7526], [-43.5027, -18.7483], [-43.5017, -18.7472], [-43.5004, -18.7469], [-43.4985, -18.7477], [-43.495, -18.7474], [-43.4938, -18.7465], [-43.493, -18.745], [-43.4929, -18.7427], [-43.4937, -18.7415], [-43.4957, -18.74], [-43.4959, -18.7386], [-43.4948, -18.7354], [-43.4921, -18.734], [-43.4901, -18.7325], [-43.4875, -18.7288], [-43.4876, -18.7278], [-43.4889, -18.727], [-43.488, -18.7251], [-43.4883, -18.7226], [-43.4893, -18.7215], [-43.4924, -18.7199], [-43.4924, -18.7186], [-43.4914, -18.7182], [-43.4913, -18.7157], [-43.4915, -18.7136], [-43.4907, -18.7124], [-43.4902, -18.7102], [-43.4885, -18.7087], [-43.489, -18.707], [-43.4919, -18.7031], [-43.4936, -18.7022], [-43.4957, -18.7041], [-43.4976, -18.7044], [-43.5, -18.7029], [-43.5015, -18.7029], [-43.5053, -18.7008], [-43.5062, -18.6997], [-43.5095, -18.6977], [-43.5106, -18.6967], [-43.5122, -18.6969], [-43.5131, -18.698], [-43.515, -18.6973], [-43.5168, -18.6982], [-43.5196, -18.6976], [-43.522, -18.6994], [-43.5234, -18.6993], [-43.5243, -18.7005], [-43.5247, -18.7022], [-43.5264, -18.7033], [-43.5261, -18.7057], [-43.528, -18.7063], [-43.5293, -18.7072], [-43.5311, -18.7074], [-43.5321, -18.7095], [-43.5318, -18.711], [-43.535, -18.7128], [-43.5374, -18.7121], [-43.5389, -18.7106], [-43.538, -18.7089], [-43.5384, -18.7068], [-43.5398, -18.7056], [-43.5424, -18.7058], [-43.5438, -18.707], [-43.5459, -18.7062], [-43.5472, -18.7063], [-43.5488, -18.7052], [-43.5508, -18.7051], [-43.5526, -18.7043], [-43.5546, -18.7044], [-43.5569, -18.7054], [-43.5588, -18.7044], [-43.5604, -18.7051], [-43.564, -18.7044], [-43.5658, -18.7026], [-43.5658, -18.7013], [-43.5667, -18.7001], [-43.5677, -18.7002], [-43.5689, -18.698], [-43.5679, -18.695], [-43.5684, -18.6943], [-43.5739, -18.6942], [-43.5745, -18.6914], [-43.576, -18.6903], [-43.5768, -18.6886], [-43.5786, -18.6877], [-43.5789, -18.6862], [-43.5815, -18.6874], [-43.583, -18.6873], [-43.5844, -18.6866], [-43.5846, -18.6856], [-43.5831, -18.685], [-43.5834, -18.6838], [-43.5863, -18.6831], [-43.5867, -18.6817], [-43.588, -18.6814], [-43.5884, -18.6832], [-43.5901, -18.6837], [-43.5928, -18.681], [-43.5945, -18.6821], [-43.5968, -18.6823], [-43.5981, -18.6808], [-43.599, -18.6823], [-43.5984, -18.6835], [-43.5993, -18.6846], [-43.6007, -18.6842], [-43.6044, -18.6812], [-43.6038, -18.679], [-43.6044, -18.6783], [-43.606, -18.6784], [-43.6073, -18.6777], [-43.6083, -18.6759], [-43.6083, -18.6745], [-43.6107, -18.6728], [-43.6118, -18.6716], [-43.6136, -18.673], [-43.6179, -18.6734], [-43.619, -18.6724], [-43.6209, -18.672], [-43.6238, -18.6705], [-43.6231, -18.6688], [-43.6235, -18.6679], [-43.626, -18.6675], [-43.6288, -18.668], [-43.6304, -18.6667], [-43.6314, -18.6666], [-43.6314, -18.6649], [-43.6321, -18.663], [-43.6345, -18.662], [-43.6351, -18.6601], [-43.6368, -18.6593], [-43.6383, -18.658], [-43.6393, -18.6579], [-43.6406, -18.6592], [-43.6427, -18.6594], [-43.6445, -18.661], [-43.6465, -18.6622], [-43.6464, -18.6649], [-43.6467, -18.6658], [-43.6486, -18.6657], [-43.6491, -18.6644], [-43.6506, -18.6632], [-43.6522, -18.6637], [-43.6536, -18.6657], [-43.6556, -18.6659], [-43.6585, -18.6641], [-43.66, -18.66], [-43.6613, -18.6596], [-43.6643, -18.6608], [-43.6668, -18.6609], [-43.67, -18.66], [-43.6732, -18.6583], [-43.6739, -18.6575], [-43.6737, -18.6545], [-43.6741, -18.6536], [-43.6757, -18.6527], [-43.6761, -18.65], [-43.6779, -18.6485], [-43.6778, -18.6461], [-43.6783, -18.6454], [-43.68, -18.6454], [-43.6808, -18.6465], [-43.6809, -18.6479], [-43.6828, -18.6513], [-43.6827, -18.6543], [-43.6836, -18.6547], [-43.6852, -18.6537], [-43.6854, -18.651], [-43.6861, -18.65], [-43.6875, -18.6497], [-43.6877, -18.6477], [-43.6896, -18.6478], [-43.6922, -18.6499], [-43.6937, -18.6498], [-43.6946, -18.6487], [-43.6995, -18.6475], [-43.7019, -18.6489], [-43.7027, -18.6471], [-43.7048, -18.6474], [-43.706, -18.6466], [-43.7081, -18.6476], [-43.7117, -18.6478], [-43.7138, -18.6466], [-43.7163, -18.6466], [-43.7178, -18.6452], [-43.7188, -18.6451], [-43.7197, -18.647], [-43.7232, -18.6472], [-43.7248, -18.6484], [-43.7268, -18.6487], [-43.7287, -18.6477], [-43.729, -18.6435], [-43.728, -18.6418], [-43.7287, -18.641], [-43.7303, -18.6407], [-43.7309, -18.6384], [-43.7323, -18.6372], [-43.7324, -18.6357], [-43.7338, -18.6344], [-43.7347, -18.6316], [-43.7354, -18.6283], [-43.7365, -18.625], [-43.736, -18.6242], [-43.736, -18.6226], [-43.7379, -18.6222], [-43.744, -18.6222], [-43.7443, -18.6233], [-43.7418, -18.6259], [-43.7418, -18.6271], [-43.7447, -18.6271], [-43.7462, -18.626], [-43.7475, -18.6238], [-43.7487, -18.6223], [-43.7505, -18.6217], [-43.752, -18.622], [-43.7539, -18.6234], [-43.7543, -18.6247], [-43.7521, -18.6256], [-43.7513, -18.6273], [-43.7522, -18.6296], [-43.7541, -18.6304], [-43.7548, -18.6316], [-43.7545, -18.6335], [-43.7531, -18.6354], [-43.7526, -18.6372], [-43.7555, -18.6379], [-43.7579, -18.636], [-43.7592, -18.638], [-43.7606, -18.6382], [-43.7619, -18.6374], [-43.7634, -18.6376], [-43.7657, -18.6387], [-43.7665, -18.6382], [-43.7667, -18.6363], [-43.7702, -18.6362], [-43.772, -18.6353], [-43.7726, -18.6339], [-43.7718, -18.6321], [-43.7723, -18.6303], [-43.7758, -18.6299], [-43.7763, -18.6291], [-43.775, -18.6276], [-43.7751, -18.6267], [-43.7778, -18.6255], [-43.7783, -18.6243], [-43.7767, -18.622], [-43.7776, -18.6207], [-43.7797, -18.6194], [-43.7815, -18.6188], [-43.7826, -18.6172], [-43.7865, -18.6167], [-43.7881, -18.6143], [-43.7901, -18.6138], [-43.7929, -18.6153], [-43.7946, -18.6147], [-43.7962, -18.6116], [-43.7979, -18.6108], [-43.8, -18.6135], [-43.8018, -18.615], [-43.802, -18.616], [-43.8017, -18.6194], [-43.8045, -18.6222], [-43.8053, -18.6239], [-43.8084, -18.6274], [-43.8094, -18.6295], [-43.8104, -18.6302], [-43.8145, -18.6306], [-43.8158, -18.6313], [-43.8165, -18.6331], [-43.8166, -18.6351], [-43.8175, -18.6385], [-43.8183, -18.6392], [-43.8209, -18.6396], [-43.8211, -18.641], [-43.8206, -18.6425], [-43.8211, -18.6436], [-43.8241, -18.6439], [-43.8251, -18.645], [-43.8239, -18.6467], [-43.8199, -18.649], [-43.8197, -18.6534], [-43.8209, -18.6561], [-43.8238, -18.6589], [-43.8271, -18.6592], [-43.8284, -18.6585], [-43.8322, -18.6584], [-43.8333, -18.6588], [-43.8348, -18.6612], [-43.837, -18.6622], [-43.8398, -18.6641], [-43.845, -18.6661], [-43.8468, -18.6653], [-43.8488, -18.665], [-43.8518, -18.6634], [-43.8559, -18.6638], [-43.8576, -18.663], [-43.8591, -18.6629], [-43.8606, -18.6642], [-43.8612, -18.6682], [-43.862, -18.6699], [-43.8637, -18.6709], [-43.8663, -18.671], [-43.8689, -18.6715], [-43.8694, -18.6725], [-43.8689, -18.6741], [-43.8696, -18.6773], [-43.8684, -18.6809], [-43.8689, -18.6822], [-43.8685, -18.6836], [-43.867, -18.6848], [-43.8659, -18.6879], [-43.8666, -18.6911], [-43.8654, -18.6935], [-43.8636, -18.6937], [-43.8624, -18.6959], [-43.8627, -18.6973], [-43.861, -18.6991], [-43.8593, -18.7001], [-43.8578, -18.7002], [-43.8566, -18.7011], [-43.855, -18.7013], [-43.8529, -18.7032], [-43.8483, -18.705], [-43.8488, -18.7069], [-43.8444, -18.709], [-43.8438, -18.7118], [-43.8443, -18.7141], [-43.8431, -18.7161], [-43.8435, -18.717], [-43.8413, -18.7191], [-43.8404, -18.7213], [-43.8405, -18.7227], [-43.8391, -18.7247], [-43.8382, -18.7279], [-43.8378, -18.7308], [-43.837, -18.7326], [-43.8369, -18.735], [-43.8358, -18.7364], [-43.8348, -18.7397], [-43.8338, -18.7407], [-43.8336, -18.7425], [-43.8323, -18.7453], [-43.8322, -18.7479], [-43.8304, -18.7519], [-43.8303, -18.7557], [-43.8285, -18.7573], [-43.8275, -18.761], [-43.8267, -18.7648], [-43.8253, -18.7672], [-43.8237, -18.7684], [-43.8225, -18.7711], [-43.8225, -18.7756], [-43.821, -18.7782], [-43.8207, -18.7797], [-43.8187, -18.783], [-43.8183, -18.7853], [-43.8166, -18.7873], [-43.8159, -18.7891], [-43.8154, -18.7928], [-43.8133, -18.7969], [-43.8116, -18.7974], [-43.8102, -18.7953], [-43.8102, -18.792], [-43.8091, -18.7906], [-43.8075, -18.7902], [-43.797, -18.7897], [-43.7956, -18.789], [-43.7951, -18.7877], [-43.7966, -18.7836], [-43.798, -18.781], [-43.7976, -18.776], [-43.7962, -18.7732], [-43.7959, -18.7673], [-43.795, -18.7662], [-43.792, -18.7653], [-43.7895, -18.7656], [-43.7871, -18.7666], [-43.786, -18.7679], [-43.7837, -18.7728], [-43.7822, -18.7729], [-43.7818, -18.7716], [-43.7822, -18.7702], [-43.7817, -18.7689], [-43.7819, -18.7668], [-43.7828, -18.7646], [-43.7829, -18.7623], [-43.7824, -18.7615], [-43.7803, -18.7609], [-43.7799, -18.7596], [-43.7789, -18.7593], [-43.777, -18.76], [-43.7723, -18.7591], [-43.7708, -18.7594], [-43.7679, -18.7586], [-43.7663, -18.7563], [-43.7634, -18.7543], [-43.7627, -18.7513], [-43.7617, -18.7516], [-43.7602, -18.7505], [-43.7579, -18.7499], [-43.7559, -18.7504], [-43.7525, -18.7496], [-43.751, -18.7488], [-43.7483, -18.7496], [-43.7473, -18.7492], [-43.7454, -18.7495], [-43.7441, -18.7489], [-43.7439, -18.7478], [-43.7419, -18.7463], [-43.7391, -18.7429], [-43.7377, -18.7432], [-43.7365, -18.7452], [-43.7338, -18.7476], [-43.7315, -18.7509], [-43.7283, -18.7544], [-43.7277, -18.7554], [-43.7237, -18.7597], [-43.7232, -18.762], [-43.7234, -18.7634], [-43.7223, -18.7651], [-43.7203, -18.766], [-43.7183, -18.7676], [-43.7133, -18.7701], [-43.7115, -18.7706], [-43.7081, -18.7707], [-43.7033, -18.7741], [-43.7003, -18.7748], [-43.6985, -18.7715], [-43.6987, -18.7673], [-43.6992, -18.7654], [-43.7014, -18.7613], [-43.7012, -18.7579], [-43.7016, -18.7559], [-43.7033, -18.7529], [-43.704, -18.7505], [-43.7061, -18.7457], [-43.7069, -18.7425], [-43.7062, -18.7406], [-43.7044, -18.7399], [-43.7013, -18.7395], [-43.6993, -18.7388], [-43.6944, -18.7365], [-43.6927, -18.7351], [-43.6902, -18.735], [-43.6879, -18.736], [-43.6843, -18.7361], [-43.6823, -18.7351], [-43.6804, -18.7329], [-43.6787, -18.7301], [-43.6773, -18.7295], [-43.6742, -18.7296], [-43.6727, -18.7308], [-43.6696, -18.7312], [-43.6663, -18.7331], [-43.6597, -18.7361], [-43.6542, -18.7397], [-43.652, -18.7419], [-43.6516, -18.7437], [-43.6523, -18.7469], [-43.6522, -18.7487], [-43.6515, -18.7504], [-43.6499, -18.7521], [-43.647, -18.7539], [-43.6461, -18.7541], [-43.6422, -18.7536], [-43.6407, -18.754], [-43.6386, -18.7557], [-43.6366, -18.7562], [-43.6344, -18.758], [-43.6332, -18.7606], [-43.6324, -18.7605], [-43.6326, -18.757], [-43.6341, -18.753], [-43.6358, -18.7506], [-43.6367, -18.7471], [-43.6384, -18.7446], [-43.6387, -18.742], [-43.6376, -18.7401], [-43.636, -18.7382], [-43.6328, -18.7368], [-43.6296, -18.7369], [-43.6267, -18.7345], [-43.6252, -18.7337], [-43.6229, -18.7317], [-43.6201, -18.7297], [-43.6181, -18.7269], [-43.6168, -18.7259], [-43.6153, -18.726], [-43.6138, -18.7272], [-43.611, -18.728], [-43.6099, -18.7302], [-43.6098, -18.7318], [-43.6087, -18.7325], [-43.6076, -18.7349], [-43.608, -18.7364], [-43.6066, -18.7366], [-43.6054, -18.7392], [-43.6086, -18.741], [-43.6091, -18.7419], [-43.6092, -18.7468], [-43.6102, -18.7488], [-43.6112, -18.7498], [-43.6112, -18.7512], [-43.6123, -18.7531], [-43.6112, -18.7549], [-43.6092, -18.7571], [-43.6096, -18.7595], [-43.6084, -18.7618], [-43.6098, -18.7626], [-43.6103, -18.7651], [-43.6122, -18.7656], [-43.6126, -18.7674], [-43.6143, -18.7681], [-43.6154, -18.7713], [-43.6153, -18.7733], [-43.6148, -18.7752], [-43.615, -18.7796], [-43.6173, -18.7853], [-43.6181, -18.7888], [-43.6175, -18.7952], [-43.6168, -18.7976], [-43.6167, -18.8012], [-43.6158, -18.8029], [-43.6123, -18.8032], [-43.6113, -18.8038], [-43.6088, -18.8068], [-43.6088, -18.8092], [-43.6081, -18.8139], [-43.6075, -18.8161], [-43.605, -18.8187], [-43.6049, -18.8207], [-43.6054, -18.822], [-43.6058, -18.8265], [-43.6052, -18.8278], [-43.6037, -18.8293], [-43.6026, -18.832], [-43.6016, -18.8354], [-43.602, -18.8372], [-43.6047, -18.8383], [-43.6057, -18.8406], [-43.6053, -18.8452], [-43.6042, -18.8475], [-43.604, -18.85], [-43.6048, -18.8519], [-43.6064, -18.8539], [-43.6095, -18.8556], [-43.6113, -18.8585], [-43.6148, -18.8604], [-43.6157, -18.8619], [-43.6156, -18.8654], [-43.6171, -18.8672], [-43.6158, -18.8692], [-43.6152, -18.8726], [-43.6124, -18.8735], [-43.6116, -18.8743], [-43.6104, -18.8774], [-43.6104, -18.8784], [-43.6085, -18.8814], [-43.609, -18.8842], [-43.608, -18.8872], [-43.6087, -18.8889], [-43.6101, -18.8908], [-43.6096, -18.8953], [-43.6084, -18.8985], [-43.6117, -18.9011], [-43.6127, -18.9015], [-43.6153, -18.9014], [-43.6173, -18.9018], [-43.6196, -18.9002], [-43.6222, -18.8992], [-43.6253, -18.9008], [-43.6262, -18.9021], [-43.6281, -18.9031], [-43.6284, -18.9044], [-43.63, -18.9057], [-43.6325, -18.9064], [-43.6338, -18.9115], [-43.6336, -18.9127], [-43.6353, -18.916], [-43.6324, -18.9172], [-43.6281, -18.9183], [-43.6252, -18.9204], [-43.6246, -18.9219], [-43.6265, -18.9236], [-43.628, -18.9233], [-43.6307, -18.9236], [-43.6321, -18.9234], [-43.6343, -18.9249], [-43.636, -18.9256], [-43.6372, -18.9267], [-43.6397, -18.9276], [-43.6422, -18.9271], [-43.6442, -18.9285], [-43.6456, -18.9286], [-43.6466, -18.9314], [-43.6482, -18.9332], [-43.6495, -18.9336], [-43.6525, -18.9329], [-43.6538, -18.9321], [-43.6566, -18.9312], [-43.6601, -18.9305], [-43.6619, -18.9313], [-43.6634, -18.9333], [-43.665, -18.9379], [-43.6685, -18.94], [-43.6713, -18.9411], [-43.6772, -18.9423], [-43.6791, -18.9424], [-43.6815, -18.9431], [-43.6829, -18.9445], [-43.6838, -18.9471], [-43.6837, -18.9494], [-43.6826, -18.952], [-43.6796, -18.9524], [-43.6777, -18.9533], [-43.6747, -18.9585], [-43.6709, -18.9627], [-43.6685, -18.9669], [-43.6681, -18.9694], [-43.6685, -18.9718], [-43.6682, -18.9737], [-43.6667, -18.9753], [-43.6631, -18.9771], [-43.6615, -18.9807], [-43.6596, -18.9832], [-43.6547, -18.9873], [-43.6511, -18.9917], [-43.6498, -18.9948], [-43.6488, -18.998], [-43.6484, -19.0007], [-43.6453, -19.0037], [-43.6431, -19.0069], [-43.6416, -19.0085], [-43.6367, -19.0123], [-43.6348, -19.0144], [-43.6338, -19.0167], [-43.6344, -19.0194], [-43.638, -19.0216], [-43.6403, -19.0221], [-43.6395, -19.0259], [-43.6406, -19.028], [-43.6424, -19.0288], [-43.6431, -19.0299], [-43.6426, -19.0322], [-43.6405, -19.0373], [-43.6381, -19.0388], [-43.6382, -19.0407], [-43.6395, -19.0445], [-43.6398, -19.0461], [-43.6386, -19.0496], [-43.6358, -19.053], [-43.6344, -19.0556], [-43.6326, -19.0569], [-43.631, -19.0587], [-43.6284, -19.0594], [-43.626, -19.0613], [-43.6247, -19.0633], [-43.6248, -19.0665], [-43.623, -19.0688], [-43.623, -19.0708], [-43.6223, -19.0768]]]}}, {"type": "Feature", "properties": {"codigo": "3118007", "nome": "Congonhas"}, "geometry": {"type": "Polygon", "coordinates": [[[-43.9095, -20.6036], [-43.9081, -20.6007], [-43.9066, -20.5992], [-43.9038, -20.598], [-43.9043, -20.5949], [-43.9036, -20.5935], [-43.9027, -20.5933], [-43.8993, -20.5941], [-43.8967, -20.5955], [-43.896, -20.5979], [-43.8933, -20.6001], [-43.8916, -20.5997], [-43.8905, -20.5985], [-43.8888, -20.5983], [-43.8873, -20.6001], [-43.8869, -20.6028], [-43.8857, -20.6058], [-43.8841, -20.6079], [-43.8834, -20.6108], [-43.8794, -20.6134], [-43.8772, -20.6152], [-43.8744, -20.6156], [-43.8742, -20.6175], [-43.8727, -20.6185], [-43.8693, -20.6182], [-43.8669, -20.6172], [-43.8651, -20.6155], [-43.8642, -20.6151], [-43.8614, -20.6154], [-43.8588, -20.6152], [-43.857, -20.6137], [-43.8548, -20.6129], [-43.8542, -20.6119], [-43.8542, -20.6091], [-43.8536, -20.6076], [-43.8519, -20.6065], [-43.8508, -20.6038], [-43.8468, -20.6025], [-43.8451, -20.6013], [-43.8406, -20.6011], [-43.8389, -20.6019], [-43.8368, -20.6018], [-43.8349, -20.6048], [-43.8332, -20.605], [-43.8305, -20.6036], [-43.8249, -20.5973], [-43.8225, -20.5924], [-43.8214, -20.5926], [-43.821, -20.5942], [-43.82, -20.5954], [-43.8171, -20.5963], [-43.8139, -20.5962], [-43.8128, -20.5976], [-43.8117, -20.5981], [-43.8105, -20.5963], [-43.8103, -20.5943], [-43.8096, -20.5929], [-43.8062, -20.5916], [-43.8028, -20.592], [-43.8001, -20.5927], [-43.7989, -20.5922], [-43.7989, -20.5911], [-43.8001, -20.5898], [-43.8013, -20.5904], [-43.8036, -20.5877], [-43.8057, -20.5863], [-43.8056, -20.5839], [-43.8066, -20.5832], [-43.8062, -20.58], [-43.8048, -20.5799], [-43.8045, -20.5777], [-43.8058, -20.5763], [-43.8086, -20.5759], [-43.8106, -20.5749], [-43.8115, -20.5736], [-43.8094, -20.5708], [-43.8102, -20.5642], [-43.8115, -20.5585], [-43.8123, -20.5566], [-43.8133, -20.5558], [-43.8118, -20.5521], [-43.8117, -20.5511], [-43.8129, -20.5501], [-43.8115, -20.5486], [-43.8098, -20.5489], [-43.8086, -20.5476], [-43.8098, -20.5465], [-43.8095, -20.5456], [-43.8071, -20.5444], [-43.8066, -20.5431], [-43.8036, -20.5399], [-43.8006, -20.5392], [-43.7998, -20.538], [-43.799, -20.5368], [-43.797, -20.5355], [-43.7935, -20.5348], [-43.7922, -20.5342], [-43.7907, -20.5343], [-43.7877, -20.5362], [-43.7876, -20.5374], [-43.7866, -20.54], [-43.784, -20.5416], [-43.7821, -20.542], [-43.781, -20.5416], [-43.7781, -20.5429], [-43.7769, -20.5428], [-43.7755, -20.5416], [-43.7725, -20.5406], [-43.7708, -20.5397], [-43.7696, -20.5398], [-43.7692, -20.5414], [-43.7693, -20.5445], [-43.768, -20.5471], [-43.7647, -20.5463], [-43.7643, -20.5473], [-43.7623, -20.5487], [-43.758, -20.5481], [-43.7557, -20.5491], [-43.7538, -20.5515], [-43.7535, -20.5535], [-43.7544, -20.5558], [-43.7533, -20.5556], [-43.7515, -20.5568], [-43.7501, -20.5567], [-43.7455, -20.559], [-43.743, -20.5607], [-43.7393, -20.5608], [-43.7376, -20.5613], [-43.7359, -20.5638], [-43.7336, -20.5642], [-43.7318, -20.5614], [-43.7291, -20.5584], [-43.7274, -20.5576], [-43.7243, -20.5569], [-43.7228, -20.5559], [-43.7199, -20.5554], [-43.7174, -20.5562], [-43.7142, -20.5561], [-43.7129, -20.5557], [-43.7102, -20.5562], [-43.7078, -20.5559], [-43.706, -20.5548], [-43.705, -20.5533], [-43.703, -20.552], [-43.7034, -20.5508], [-43.7056, -20.5491], [-43.7095, -20.5468], [-43.7099, -20.5459], [-43.7098, -20.5434], [-43.7107, -20.5417], [-43.7111, -20.5383], [-43.7129, -20.5367], [-43.7152, -20.536], [-43.7162, -20.5374], [-43.7179, -20.5374], [-43.721, -20.5356], [-43.7224, -20.5351], [-43.7247, -20.5354], [-43.7278, -20.5346], [-43.729, -20.5334], [-43.729, -20.5315], [-43.73, -20.5291], [-43.7323, -20.5264], [-43.7343, -20.5263], [-43.7359, -20.5251], [-43.738, -20.5225], [-43.7431, -20.5218], [-43.7441, -20.5203], [-43.7432, -20.5185], [-43.743, -20.5169], [-43.7416, -20.5165], [-43.7393, -20.5165], [-43.7377, -20.5151], [-43.7364, -20.5127], [-43.7389, -20.5109], [-43.7402, -20.5091], [-43.7426, -20.5099], [-43.7446, -20.51], [-43.7462, -20.5094], [-43.7463, -20.5084], [-43.7481, -20.5068], [-43.7536, -20.5058], [-43.7554, -20.504], [-43.7588, -20.503], [-43.7614, -20.5016], [-43.7645, -20.5005], [-43.7663, -20.4996], [-43.766, -20.5014], [-43.7675, -20.5017], [-43.7699, -20.5041], [-43.7732, -20.5031], [-43.7745, -20.5032], [-43.7754, -20.5054], [-43.7781, -20.505], [-43.7797, -20.5052], [-43.7809, -20.5046], [-43.7822, -20.503], [-43.7841, -20.5034], [-43.787, -20.5031], [-43.7902, -20.5039], [-43.7944, -20.5028], [-43.7974, -20.5042], [-43.8007, -20.5038], [-43.8021, -20.5029], [-43.8016, -20.4985], [-43.7997, -20.4958], [-43.7997, -20.4936], [-43.7989, -20.4915], [-43.7977, -20.4908], [-43.7977, -20.4898], [-43.799, -20.4888], [-43.8031, -20.4862], [-43.804, -20.4853], [-43.8034, -20.4806], [-43.8025, -20.4792], [-43.8036, -20.4748], [-43.8036, -20.4705], [-43.8023, -20.4669], [-43.7985, -20.4638], [-43.7978, -20.4617], [-43.7979, -20.4575], [-43.7998, -20.4558], [-43.8008, -20.4543], [-43.803, -20.4529], [-43.8057, -20.4531], [-43.8079, -20.4554], [-43.809, -20.4547], [-43.8089, -20.453], [-43.8098, -20.4514], [-43.8135, -20.45], [-43.8162, -20.4496], [-43.8195, -20.4481], [-43.823, -20.4484], [-43.8252, -20.4467], [-43.8276, -20.4466], [-43.8305, -20.4474], [-43.832, -20.444], [-43.8337, -20.4413], [-43.8348, -20.4408], [-43.8364, -20.4383], [-43.8383, -20.4375], [-43.8407, -20.4379], [-43.844, -20.4362], [-43.8475, -20.4369], [-43.8503, -20.4363], [-43.8519, -20.4355], [-43.8549, -20.4357], [-43.8575, -20.4368], [-43.86, -20.4387], [-43.8621, -20.4377], [-43.8658, -20.4377], [-43.8672, -20.4374], [-43.8692, -20.4337], [-43.8695, -20.4313], [-43.8711, -20.4291], [-43.8743, -20.4274], [-43.8756, -20.4275], [-43.8791, -20.4257], [-43.8805, -20.4246], [-43.8815, -20.4233], [-43.8846, -20.4211], [-43.8875, -20.4197], [-43.8901, -20.4201], [-43.8924, -20.4192], [-43.8937, -20.4192], [-43.8962, -20.4203], [-43.899, -20.42], [-43.9029, -20.418], [-43.9036, -20.4172], [-43.9055, -20.4179], [-43.9071, -20.4205], [-43.9099, -20.4214], [-43.9109, -20.4245], [-43.9118, -20.4254], [-43.9133, -20.4253], [-43.9155, -20.4264], [-43.9148, -20.4284], [-43.9155, -20.4294], [-43.9196, -20.4308], [-43.9206, -20.4317], [-43.9222, -20.4357], [-43.9231, -20.4402], [-43.9222, -20.4415], [-43.9223, -20.4427], [-43.9246, -20.444], [-43.9254, -20.4464], [-43.9256, -20.4497], [-43.9237, -20.4522], [-43.9248, -20.4564], [-43.9281, -20.4575], [-43.9295, -20.4583], [-43.932, -20.4585], [-43.9326, -20.4572], [-43.9342, -20.4569], [-43.9368, -20.4587], [-43.9386, -20.4594], [-43.9431, -20.4592], [-43.946, -20.4575], [-43.947, -20.4582], [-43.9476, -20.4637], [-43.9488, -20.4653], [-43.9493, -20.4668], [-43.9516, -20.4682], [-43.9525, -20.4713], [-43.9534, -20.4725], [-43.9553, -20.4739], [-43.9576, -20.4773], [-43.9592, -20.4804], [-43.9598, -20.4824], [-43.9618, -20.4861], [-43.9622, -20.4878], [-43.9653, -20.4911], [-43.9687, -20.4956], [-43.9693, -20.4979], [-43.9699, -20.5029], [-43.9713, -20.5048], [-43.9741, -20.5074], [-43.9758, -20.5071], [-43.9774, -20.5039], [-43.981, -20.5025], [-43.9827, -20.5033], [-43.9846, -20.506], [-43.9864, -20.5068], [-43.9852, -20.5093], [-43.9819, -20.5121], [-43.9813, -20.5142], [-43.9801, -20.5154], [-43.9799, -20.5198], [-43.9805, -20.5213], [-43.9823, -20.5242], [-43.9804, -20.526], [-43.9813, -20.5273], [-43.9826, -20.5277], [-43.9831, -20.5297], [-43.9816, -20.5322], [-43.9805, -20.5347], [-43.9783, -20.536], [-43.9771, -20.5388], [-43.9736, -20.539], [-43.9697, -20.5421], [-43.9682, -20.5398], [-43.9673, -20.5365], [-43.966, -20.5354], [-43.9641, -20.5349], [-43.9626, -20.5333], [-43.9613, -20.5332], [-43.9609, -20.5344], [-43.9614, -20.538], [-43.9609, -20.5398], [-43.9592, -20.5411], [-43.9575, -20.5402], [-43.9575, -20.5365], [-43.9561, -20.5359], [-43.9534, -20.537], [-43.9535, -20.5399], [-43.9524, -20.5396], [-43.951, -20.5355], [-43.9502, -20.5349], [-43.9484, -20.5359], [-43.9471, -20.5351], [-43.9452, -20.5356], [-43.9441, -20.5364], [-43.9431, -20.5355], [-43.9407, -20.5351], [-43.9397, -20.5343], [-43.9376, -20.5341], [-43.9361, -20.5336], [-43.9348, -20.5313], [-43.9323, -20.5325], [-43.9303, -20.5314], [-43.9261, -20.5334], [-43.9235, -20.533], [-43.9224, -20.5321], [-43.9218, -20.5336], [-43.9225, -20.5366], [-43.9192, -20.5385], [-43.9165, -20.5384], [-43.9171, -20.5367], [-43.9155, -20.5365], [-43.9155, -20.5387], [-43.9147, -20.5407], [-43.9127, -20.541], [-43.9088, -20.5411], [-43.9083, -20.5415], [-43.9094, -20.5436], [-43.9096, -20.5448], [-43.9117, -20.5467], [-43.912, -20.548], [-43.9116, -20.5513], [-43.9103, -20.5517], [-43.9098, -20.5551], [-43.9085, -20.558], [-43.9071, -20.5591], [-43.905, -20.5593], [-43.9056, -20.5616], [-43.9096, -20.5643], [-43.9102, -20.5681], [-43.9094, -20.5695], [-43.9109, -20.5708], [-43.9117, -20.5727], [-43.9127, -20.5733], [-43.9115, -20.5768], [-43.9126, -20.5775], [-43.9137, -20.5814], [-43.9126, -20.5835], [-43.915, -20.5841], [-43.9157, -20.5868], [-43.9158, -20.5891], [-43.9166, -20.5899], [-43.9165, -20.5913], [-43.9153, -20.5914], [-43.9154, -20.5928], [-43.9167, -20.594], [-43.9166, -20.5956], [-43.9145, -20.5964], [-43.9124, -20.5979], [-43.9122, -20.6004], [-43.9117, -20.602], [-43.9095, -20.6036]]]}}, {"type": "Feature", "properties": {"codigo": "3118601", "nome": "Contagem"}, "geometry": {"type": "Polygon", "coordinates": [[[-44.0629, -19.9768], [-44.0633, -19.9754], [-44.0627, -19.9736], [-44.0568, -19.9747], [-44.0551, -19.9742], [-44.0537, -19.973], [-44.0506, -19.9727], [-44.0469, -19.9738], [-44.0447, -19.9742], [-44.0451, -19.9754], [-44.0385, -19.9827], [-44.0366, -19.9838], [-44.0342, -19.9827], [-44.032, -19.9792], [-44.031, -19.9769], [-44.0281, -19.9751], [-44.0261, -19.9741], [-44.0253, -19.973], [-44.0236, -19.9721], [-44.0212, -19.9717], [-44.018, -19.9703], [-44.0157, -19.9702], [-44.0136, -19.9688], [-44.0124, -19.9666], [-44.0132, -19.9645], [-44.012, -19.963], [-44.0132, -19.9608], [-44.0123, -19.9601], [-44.0138, -19.9587], [-44.0143, -19.9568], [-44.0133, -19.9555], [-44.0113, -19.9551], [-44.0088, -19.9554], [-44.0054, -19.955], [-44.0068, -19.9537], [-44.0092, -19.9528], [-44.0095, -19.9501], [-44.0117, -19.9469], [-44.013, -19.9465], [-44.0161, -19.9469], [-44.0171, -19.9464], [-44.0205, -19.9458], [-44.0229, -19.9446], [-44.0238, -19.9435], [-44.0257, -19.9379], [-44.0271, -19.9372], [-44.0268, -19.9351], [-44.0244, -19.9335], [-44.0253, -19.9291], [-44.0248, -19.9274], [-44.0236, -19.9253], [-44.0211, -19.9253], [-44.023, -19.9219], [-44.0242, -19.9206], [-44.0267, -19.9186], [-44.0278, -19.9183], [-44.0269, -19.9165], [-44.0281, -19.916], [-44.0281, -19.9145], [-44.0273, -19.9124], [-44.0256, -19.9104], [-44.0257, -19.9065], [-44.0254, -19.905], [-44.0264, -19.9026], [-44.0256, -19.8999], [-44.0259, -19.8991], [-44.024, -19.8985], [-44.0242, -19.8977], [-44.0223, -19.8971], [-44.0226, -19.8964], [-44.0207, -19.8958], [-44.021, -19.895], [-44.019, -19.8944], [-44.0196, -19.8929], [-44.0158, -19.8917], [-44.0158, -19.8908], [-44.0144, -19.8867], [-44.0142, -19.8838], [-44.0131, -19.8821], [-44.014, -19.8792], [-44.015, -19.8794], [-44.0153, -19.8772], [-44.0181, -19.8738], [-44.0193, -19.8713], [-44.0183, -19.8705], [-44.0189, -19.8687], [-44.0222, -19.867], [-44.021, -19.8664], [-44.0202, -19.8649], [-44.0203, -19.8636], [-44.019, -19.8624], [-44.0192, -19.8602], [-44.0165, -19.8587], [-44.0159, -19.8601], [-44.0149, -19.8609], [-44.0126, -19.858], [-44.0112, -19.8575], [-44.0132, -19.8554], [-44.0135, -19.8544], [-44.0093, -19.8539], [-44.0087, -19.8535], [-44.0156, -19.8478], [-44.0163, -19.847], [-44.02, -19.8384], [-44.0201, -19.8373], [-44.0189, -19.8366], [-44.0166, -19.8322], [-44.0168, -19.8308], [-44.0197, -19.8298], [-44.0207, -19.831], [-44.022, -19.8302], [-44.026, -19.8294], [-44.0268, -19.8324], [-44.0292, -19.8353], [-44.031, -19.8349], [-44.0317, -19.8329], [-44.0342, -19.8333], [-44.034, -19.8345], [-44.0359, -19.8347], [-44.0365, -19.8357], [-44.0365, -19.8379], [-44.0386, -19.8381], [-44.0399, -19.8366], [-44.04, -19.8343], [-44.0418, -19.8323], [-44.0436, -19.8322], [-44.0448, -19.8333], [-44.0469, -19.8344], [-44.0476, -19.8381], [-44.0514, -19.8405], [-44.0549, -19.8425], [-44.0574, -19.8449], [-44.0622, -19.8455], [-44.0681, -19.8451], [-44.0712, -19.8407], [-44.0726, -19.8405], [-44.0752, -19.8395], [-44.0763, -19.8423], [-44.0776, -19.844], [-44.079, -19.8445], [-44.0796, -19.8413], [-44.0812, -19.8377], [-44.081, -19.8368], [-44.0819, -19.8348], [-44.0839, -19.8339], [-44.0869, -19.8317], [-44.0877, -19.8303], [-44.0913, -19.8301], [-44.0916, -19.8286], [-44.0937, -19.8259], [-44.097, -19.824], [-44.0985, -19.8241], [-44.0999, -19.8235], [-44.1021, -19.8207], [-44.1016, -19.819], [-44.1018, -19.8167], [-44.1013, -19.8146], [-44.1013, -19.809], [-44.1042, -19.8086], [-44.1048, -19.808], [-44.1087, -19.8083], [-44.1104, -19.8078], [-44.1119, -19.806], [-44.1161, -19.8049], [-44.1178, -19.8041], [-44.1193, -19.7996], [-44.1204, -19.7991], [-44.1233, -19.7993], [-44.1274, -19.8005], [-44.1312, -19.7992], [-44.1323, -19.7994], [-44.1351, -19.7988], [-44.1353, -19.7997], [-44.1344, -19.8025], [-44.136, -19.8041], [-44.1365, -19.8053], [-44.1407, -19.8052], [-44.1414, -19.8108], [-44.1425, -19.811], [-44.1444, -19.8123], [-44.1468, -19.8126], [-44.1479, -19.8132], [-44.1475, -19.8164], [-44.1463, -19.8196], [-44.1471, -19.8205], [-44.1533, -19.824], [-44.1549, -19.8235], [-44.1567, -19.8241], [-44.1587, -19.8268], [-44.1583, -19.8281], [-44.1591, -19.8299], [-44.1591, -19.8316], [-44.1571, -19.8328], [-44.1563, -19.8349], [-44.1553, -19.8349], [-44.1561, -19.8378], [-44.1547, -19.8391], [-44.1554, -19.8399], [-44.1584, -19.8393], [-44.1593, -19.8386], [-44.162, -19.8414], [-44.162, -19.8422], [-44.1607, -19.8432], [-44.1587, -19.8439], [-44.1581, -19.8459], [-44.1564, -19.8483], [-44.1537, -19.8493], [-44.1532, -19.8513], [-44.1517, -19.8528], [-44.1497, -19.8559], [-44.1497, -19.8578], [-44.1508, -19.8604], [-44.1506, -19.8628], [-44.1516, -19.8636], [-44.1511, -19.8653], [-44.1516, -19.8664], [-44.1532, -19.8672], [-44.1528, -19.8691], [-44.1536, -19.8711], [-44.1543, -19.8745], [-44.154, -19.8757], [-44.1541, -19.879], [-44.1537, -19.8798], [-44.1555, -19.8831], [-44.155, -19.8834], [-44.1555, -19.8867], [-44.1565, -19.8878], [-44.158, -19.888], [-44.1583, -19.8899], [-44.1572, -19.8925], [-44.1566, -19.8977], [-44.1554, -19.8999], [-44.155, -19.9013], [-44.1549, -19.9055], [-44.1562, -19.9088], [-44.1562, -19.9103], [-44.1529, -19.9142], [-44.1517, -19.9174], [-44.1508, -19.9188], [-44.1508, -19.9209], [-44.1486, -19.921], [-44.1471, -19.9217], [-44.1439, -19.9245], [-44.1424, -19.9249], [-44.1393, -19.924], [-44.1375, -19.9265], [-44.1298, -19.9266], [-44.1295, -19.9275], [-44.1275, -19.927], [-44.125, -19.9329], [-44.1218, -19.9355], [-44.1204, -19.9348], [-44.114, -19.9359], [-44.1127, -19.9356], [-44.1092, -19.9314], [-44.1084, -19.9279], [-44.106, -19.9274], [-44.1032, -19.9289], [-44.0996, -19.9296], [-44.0974, -19.9295], [-44.0962, -19.9299], [-44.0945, -19.9319], [-44.0917, -19.9324], [-44.0908, -19.9337], [-44.0895, -19.9344], [-44.0863, -19.9345], [-44.0831, -19.9353], [-44.081, -19.9373], [-44.0791, -19.9385], [-44.0765, -19.9413], [-44.0767, -19.9433], [-44.0749, -19.9457], [-44.0723, -19.9479], [-44.0699, -19.948], [-44.0689, -19.9488], [-44.0674, -19.9523], [-44.0678, -19.9539], [-44.0675, -19.9561], [-44.0694, -19.9588], [-44.0697, -19.9601], [-44.071, -19.9613], [-44.0714, -19.9627], [-44.0728, -19.9634], [-44.0756, -19.9672], [-44.0732, -19.9693], [-44.0725, -19.9695], [-44.0696, -19.9725], [-44.0675, -19.9743], [-44.0676, -19.9757], [-44.0629, -19.9768]]]}}, {"type": "Feature", "properties": {"codigo": "3131307", "nome": "Ipatinga"}, "geometry": {"type": "Polygon", "coordinates": [[[-42.6852, -19.3682], [-42.684, -19.3715], [-42.6867, -19.3743], [-42.6894, -19.3757], [-42.6929, -19.3767], [-42.6945, -19.3784], [-42.6968, -19.3795], [-42.7031, -19.3841], [-42.7051, -19.3864], [-42.706, -19.3891], [-42.706, -19.3905], [-42.705, -19.3938], [-42.7025, -19.3971], [-42.7001, -19.3979], [-42.6999, -19.4018], [-42.6988, -19.4027], [-42.696, -19.4031], [-42.6942, -19.4038], [-42.6938, -19.4052], [-42.6951, -19.4072], [-42.6951, -19.4095], [-42.6961, -19.4122], [-42.6954, -19.4135], [-42.695, -19.4177], [-42.6938, -19.4185], [-42.6888, -19.4187], [-42.6862, -19.4204], [-42.6844, -19.4228], [-42.6839, -19.426], [-42.684, -19.428], [-42.6816, -19.4292], [-42.6765, -19.4289], [-42.6757, -19.4295], [-42.6754, -19.4323], [-42.6768, -19.4349], [-42.6768, -19.4362], [-42.6752, -19.4385], [-42.6758, -19.4414], [-42.6755, -19.4434], [-42.6745, -19.445], [-42.6746, -19.446], [-42.676, -19.4487], [-42.676, -19.4502], [-42.675, -19.4518], [-42.6735, -19.4519], [-42.6711, -19.453], [-42.6695, -19.4524], [-42.6679, -19.4499], [-42.6647, -19.4483], [-42.6623, -19.4466], [-42.6598, -19.446], [-42.6578, -19.4441], [-42.6543, -19.4478], [-42.6533, -19.4479], [-42.6449, -19.447], [-42.6421, -19.4477], [-42.6377, -19.4476], [-42.635, -19.4488], [-42.6331, -19.4503], [-42.6315, -19.4559], [-42.6298, -19.4563], [-42.6263, -19.4566], [-42.6226, -19.4583], [-42.6214, -19.4603], [-42.6163, -19.4599], [-42.6138, -19.4589], [-42.6098, -19.4581], [-42.6084, -19.4586], [-42.6057, -19.4606], [-42.6034, -19.4616], [-42.6009, -19.4616], [-42.6004, -19.4621], [-42.6002, -19.4643], [-42.5978, -19.4653], [-42.5962, -19.47], [-42.5961, -19.4711], [-42.597, -19.4733], [-42.5952, -19.4762], [-42.5952, -19.4779], [-42.5961, -19.4793], [-42.5965, -19.4816], [-42.5986, -19.482], [-42.599, -19.4828], [-42.5987, -19.4857], [-42.5996, -19.4854], [-42.6017, -19.4869], [-42.602, -19.4893], [-42.6036, -19.4895], [-42.6045, -19.4916], [-42.6013, -19.4948], [-42.5994, -19.4959], [-42.5972, -19.498], [-42.596, -19.4997], [-42.5958, -19.5014], [-42.5949, -19.5035], [-42.5935, -19.5048], [-42.5909, -19.5063], [-42.5908, -19.5077], [-42.5893, -19.5092], [-42.589, -19.5112], [-42.5872, -19.5111], [-42.5847, -19.5119], [-42.584, -19.5134], [-42.5817, -19.5138], [-42.5807, -19.5152], [-42.5761, -19.5152], [-42.5743, -19.514], [-42.5736, -19.5153], [-42.5712, -19.51], [-42.5702, -19.5101], [-42.5689, -19.515], [-42.5678, -19.5172], [-42.5677, -19.5189], [-42.5696, -19.5203], [-42.5701, -19.5218], [-42.5669, -19.5204], [-42.5642, -19.5198], [-42.5607, -19.5188], [-42.5579, -19.517], [-42.5565, -19.5151], [-42.5557, -19.5121], [-42.5548, -19.5106], [-42.5535, -19.51], [-42.5517, -19.5107], [-42.55, -19.5123], [-42.5484, -19.5127], [-42.5449, -19.5123], [-42.5421, -19.513], [-42.5403, -19.513], [-42.5381, -19.5118], [-42.5382, -19.5108], [-42.5396, -19.5092], [-42.5405, -19.5075], [-42.5412, -19.5031], [-42.5392, -19.5], [-42.5364, -19.4993], [-42.5348, -19.4998], [-42.5325, -19.4992], [-42.5293, -19.4964], [-42.5248, -19.4933], [-42.5199, -19.4927], [-42.517, -19.492], [-42.5143, -19.4923], [-42.5128, -19.4926], [-42.5045, -19.4924], [-42.5023, -19.4921], [-42.5007, -19.491], [-42.4949, -19.4901], [-42.4933, -19.4894], [-42.4927, -19.4869], [-42.4929, -19.4857], [-42.494, -19.4843], [-42.4966, -19.4827], [-42.5008, -19.4814], [-42.5032, -19.4786], [-42.5033, -19.4773], [-42.5044, -19.4756], [-42.506, -19.4749], [-42.5102, -19.4757], [-42.5118, -19.4752], [-42.513, -19.4738], [-42.5143, -19.473], [-42.5158, -19.4709], [-42.5148, -19.4695], [-42.5145, -19.4674], [-42.5133, -19.4659], [-42.5136, -19.465], [-42.5155, -19.4637], [-42.5195, -19.4627], [-42.5212, -19.4613], [-42.5221, -19.4599], [-42.5255, -19.459], [-42.5264, -19.4601], [-42.5287, -19.4596], [-42.5294, -19.4588], [-42.5326, -19.4568], [-42.5378, -19.4532], [-42.5387, -19.4518], [-42.541, -19.4518], [-42.5417, -19.4508], [-42.5417, -19.4493], [-42.5442, -19.4475], [-42.5441, -19.447], [-42.5414, -19.4447], [-42.5394, -19.4447], [-42.5376, -19.4416], [-42.5383, -19.4395], [-42.54, -19.4382], [-42.5414, -19.4378], [-42.5444, -19.4385], [-42.5462, -19.4363], [-42.548, -19.4328], [-42.5473, -19.4285], [-42.5479, -19.4274], [-42.548, -19.4251], [-42.5464, -19.4243], [-42.546, -19.4225], [-42.5494, -19.4204], [-42.5501, -19.4186], [-42.5524, -19.4182], [-42.5534, -19.4165], [-42.5557, -19.4146], [-42.5569, -19.4128], [-42.5589, -19.4085], [-42.5589, -19.4043], [-42.5596, -19.4022], [-42.5607, -19.4017], [-42.5634, -19.4015], [-42.5667, -19.3999], [-42.5714, -19.3969], [-42.5739, -19.3973], [-42.5752, -19.3982], [-42.5783, -19.3986], [-42.5807, -19.3975], [-42.5896, -19.3978], [-42.5918, -19.3962], [-42.5925, -19.394], [-42.5947, -19.393], [-42.5955, -19.3912], [-42.5946, -19.3901], [-42.5946, -19.3887], [-42.5953, -19.387], [-42.5951, -19.3846], [-42.5937, -19.3809], [-42.5935, -19.379], [-42.595, -19.3767], [-42.5969, -19.3764], [-42.6004, -19.3777], [-42.6033, -19.3803], [-42.6042, -19.3806], [-42.6076, -19.3804], [-42.6085, -19.38], [-42.6113, -19.3775], [-42.6152, -19.3768], [-42.617, -19.3774], [-42.6187, -19.3786], [-42.6206, -19.3783], [-42.6228, -19.3756], [-42.6246, -19.371], [-42.6261, -19.3702], [-42.629, -19.3721], [-42.6314, -19.3733], [-42.6326, -19.3742], [-42.6346, -19.377], [-42.6376, -19.3789], [-42.6408, -19.3793], [-42.6427, -19.3789], [-42.6473, -19.3791], [-42.6478, -19.3784], [-42.6477, -19.376], [-42.6488, -19.3751], [-42.6516, -19.3783], [-42.6536, -19.382], [-42.6553, -19.3877], [-42.6577, -19.3898], [-42.6607, -19.3918], [-42.6617, -19.3928], [-42.6626, -19.3951], [-42.6657, -19.3965], [-42.6666, -19.3946], [-42.6664, -19.3914], [-42.6701, -19.3874], [-42.6731, -19.3872], [-42.6747, -19.3862], [-42.6754, -19.3839], [-42.6767, -19.382], [-42.6776, -19.3817], [-42.679, -19.3812], [-42.681, -19.3791], [-42.6814, -19.3777], [-42.6789, -19.3735], [-42.6794, -19.3707], [-42.68, -19.37], [-42.6847, -19.3688], [-42.6852, -19.3682]]]}}, {"type": "Feature", "properties": {"codigo": "3147006", "nome": "Paracatu"}, "geometry": {"type": "Polygon", "coordinates": [[[-47.3131, -17.5434], [-47.3109, -17.5409], [-47.3086, -17.5374], [-47.3063, -17.5347], [-47.3026, -17.5337], [-47.2983, -17.5318], [-47.2976, -17.5305], [-47.298, -17.5287], [-47.2975, -17.5238], [-47.299, -17.5179], [-47.2988, -17.5114], [-47.2966, -17.5067], [-47.2966, -17.5052], [-47.2957, -17.5034], [-47.2954, -17.5007], [-47.2943, -17.4985], [-47.292, -17.4955], [-47.2905, -17.4922], [-47.2889, -17.4902], [-47.2871, -17.4891], [-47.2861, -17.4868], [-47.2866, -17.4839], [-47.2868, -17.4787], [-47.285, -17.4771], [-47.2838, -17.4767], [-47.2816, -17.4788], [-47.2783, -17.4785], [-47.2752, -17.4787], [-47.2717, -17.4784], [-47.2706, -17.4772], [-47.2686, -17.4766], [-47.2657, -17.4777], [-47.2631, -17.4783], [-47.2635, -17.4817], [-47.2631, -17.4831], [-47.2609, -17.4834], [-47.2577, -17.4848], [-47.2542, -17.4882], [-47.2526, -17.4886], [-47.2502, -17.4909], [-47.25, -17.4925], [-47.2504, -17.4953], [-47.253, -17.4991], [-47.2532, -17.5006], [-47.2504, -17.5012], [-47.2496, -17.5018], [-47.2478, -17.5048], [-47.2454, -17.5056], [-47.2446, -17.5064], [-47.2446, -17.5083], [-47.2435, -17.5106], [-47.2421, -17.5113], [-47.2412, -17.511], [-47.2382, -17.5112], [-47.2363, -17.5095], [-47.2355, -17.5076], [-47.234, -17.5062], [-47.2323, -17.5059], [-47.2303, -17.5046], [-47.2266, -17.5033], [-47.2249, -17.5021], [-47.2201, -17.5], [-47.2194, -17.4988], [-47.2152, -17.4948], [-47.2136, -17.4949], [-47.2117, -17.4935], [-47.2102, -17.4918], [-47.2088, -17.4914], [-47.208, -17.4932], [-47.206, -17.4951], [-47.2029, -17.4953], [-47.2007, -17.4941], [-47.1955, -17.4948], [-47.1939, -17.4959], [-47.1904, -17.4957], [-47.1882, -17.4945], [-47.1848, -17.4944], [-47.1842, -17.4924], [-47.1809, -17.4929], [-47.179, -17.4937], [-47.177, -17.4931], [-47.1754, -17.4941], [-47.1724, -17.4945], [-47.1688, -17.4945], [-47.167, -17.4955], [-47.1593, -17.496], [-47.1532, -17.4978], [-47.151, -17.4977], [-47.1506, -17.4989], [-47.1507, -17.5006], [-47.1493, -17.5053], [-47.1476, -17.5063], [-47.1459, -17.5084], [-47.1459, -17.5121], [-47.1454, -17.5149], [-47.1439, -17.5166], [-47.144, -17.5197], [-47.1451, -17.5234], [-47.1442, -17.5266], [-47.1443, -17.5287], [-47.1437, -17.5295], [-47.1392, -17.5304], [-47.1336, -17.5334], [-47.1326, -17.5341], [-47.1304, -17.5345], [-47.1291, -17.5357], [-47.1291, -17.5366], [-47.1311, -17.5395], [-47.1307, -17.5467], [-47.13, -17.5493], [-47.1289, -17.5505], [-47.1252, -17.5532], [-47.1219, -17.5599], [-47.1198, -17.5602], [-47.1183, -17.5585], [-47.1184, -17.5554], [-47.119, -17.5505], [-47.1193, -17.5463], [-47.1181, -17.5449], [-47.1163, -17.5442], [-47.113, -17.5446], [-47.11, -17.5443], [-47.1063, -17.5428], [-47.1042, -17.5432], [-47.1002, -17.5445], [-47.0988, -17.5455], [-47.0955, -17.549], [-47.0928, -17.5504], [-47.087, -17.5525], [-47.0845, -17.553], [-47.0826, -17.5549], [-47.0813, -17.5571], [-47.0794, -17.5618], [-47.0782, -17.5641], [-47.0751, -17.5678], [-47.0715, -17.5699], [-47.0684, -17.5721], [-47.0656, -17.5745], [-47.0635, -17.5772], [-47.0632, -17.5782], [-47.0634, -17.5808], [-47.0629, -17.5823], [-47.0607, -17.5835], [-47.0585, -17.5836], [-47.0574, -17.5832], [-47.056, -17.5817], [-47.054, -17.5769], [-47.0528, -17.5751], [-47.0503, -17.5739], [-47.0482, -17.5735], [-47.0456, -17.5706], [-47.0445, -17.5705], [-47.039, -17.5721], [-47.0372, -17.5723], [-47.0338, -17.5719], [-47.031, -17.571], [-47.0274, -17.5706], [-47.0236, -17.5682], [-47.0198, -17.5667], [-47.0188, -17.566], [-47.017, -17.5659], [-47.0147, -17.5663], [-47.013, -17.5674], [-47.01, -17.57], [-47.0081, -17.5709], [-47.007, -17.5705], [-47.005, -17.5675], [-47.0046, -17.5648], [-47.0029, -17.5602], [-47.0028, -17.5577], [-47.004, -17.555], [-47.0042, -17.5537], [-47.0038, -17.5475], [-47.0028, -17.5456], [-47.0018, -17.5403], [-47.001, -17.5388], [-46.9988, -17.5386], [-46.9967, -17.5373], [-46.9957, -17.5361], [-46.9921, -17.5333], [-46.9905, -17.5316], [-46.9902, -17.5286], [-46.9895, -17.528], [-46.9867, -17.5274], [-46.9859, -17.5253], [-46.9835, -17.5232], [-46.9797, -17.523], [-46.9765, -17.5206], [-46.9739, -17.5182], [-46.9731, -17.5167], [-46.9721, -17.5135], [-46.9721, -17.5113], [-46.9725, -17.5088], [-46.9732, -17.5075], [-46.9751, -17.5059], [-46.9757, -17.5045], [-46.9762, -17.5012], [-46.9755, -17.4969], [-46.9747, -17.4946], [-46.9732, -17.4933], [-46.9716, -17.493], [-46.9681, -17.4932], [-46.9634, -17.4919], [-46.9629, -17.4911], [-46.9611, -17.4902], [-46.9597, -17.488], [-46.9582, -17.4871], [-46.9531, -17.485], [-46.9521, -17.4831], [-46.9484, -17.4803], [-46.9478, -17.4789], [-46.9472, -17.4757], [-46.9461, -17.4744], [-46.9446, -17.4738], [-46.9379, -17.475], [-46.9331, -17.4734], [-46.9318, -17.4711], [-46.9308, -17.4709], [-46.9292, -17.4698], [-46.9257, -17.4692], [-46.9241, -17.4684], [-46.9211, -17.468], [-46.9189, -17.4662], [-46.9136, -17.4662], [-46.9102, -17.4646], [-46.9088, -17.4633], [-46.9063, -17.4632], [-46.9042, -17.464], [-46.9019, -17.4662], [-46.9, -17.4687], [-46.898, -17.4701], [-46.8959, -17.4734], [-46.8947, -17.474], [-46.8919, -17.4745], [-46.8877, -17.4747], [-46.885, -17.4752], [-46.8831, -17.4768], [-46.8817, -17.4791], [-46.88, -17.4842], [-46.8784, -17.4873], [-46.8766, -17.4892], [-46.8747, -17.4901], [-46.8706, -17.4903], [-46.8684, -17.4909], [-46.867, -17.492], [-46.8664, -17.4944], [-46.8663, -17.4979], [-46.8676, -17.5017], [-46.8702, -17.505], [-46.8711, -17.5075], [-46.8738, -17.5113], [-46.8761, -17.514], [-46.8768, -17.5152], [-46.8777, -17.5201], [-46.8785, -17.5224], [-46.8816, -17.5255], [-46.8834, -17.5259], [-46.8867, -17.5274], [-46.8911, -17.5279], [-46.8932, -17.5286], [-46.8954, -17.5285], [-46.8978, -17.5296], [-46.9003, -17.5321], [-46.9014, -17.5357], [-46.9015, -17.5379], [-46.8985, -17.5426], [-46.8958, -17.5478], [-46.8949, -17.5488], [-46.8939, -17.5517], [-46.8931, -17.5548], [-46.8907, -17.5604], [-46.8907, -17.5624], [-46.8901, -17.5648], [-46.8893, -17.5655], [-46.8885, -17.5678], [-46.8856, -17.5696], [-46.8855, -17.5718], [-46.8849, -17.5736], [-46.8854, -17.5752], [-46.8864, -17.5768], [-46.8835, -17.5821], [-46.883, -17.5852], [-46.8842, -17.586], [-46.8847, -17.5906], [-46.8857, -17.5919], [-46.8859, -17.5947], [-46.8842, -17.5957], [-46.8828, -17.5954], [-46.8791, -17.5968], [-46.8783, -17.5985], [-46.8764, -17.5998], [-46.8757, -17.6011], [-46.8743, -17.6013], [-46.872, -17.6039], [-46.8694, -17.6056], [-46.8676, -17.606], [-46.8673, -17.6075], [-46.8663, -17.6085], [-46.8644, -17.6088], [-46.8641, -17.6101], [-46.8628, -17.6109], [-46.8604, -17.6116], [-46.8581, -17.6136], [-46.8567, -17.6143], [-46.8525, -17.6145], [-46.8506, -17.615], [-46.8491, -17.6139], [-46.8473, -17.6143], [-46.8458, -17.6125], [-46.8436, -17.6136], [-46.8414, -17.6117], [-46.8419, -17.6104], [-46.8403, -17.6096], [-46.84, -17.6081], [-46.8382, -17.6074], [-46.8375, -17.6059], [-46.8336, -17.606], [-46.8322, -17.6048], [-46.8288, -17.6047], [-46.8269, -17.6029], [-46.8269, -17.6047], [-46.8246, -17.6033], [-46.8216, -17.6057], [-46.8212, -17.6033], [-46.8203, -17.603], [-46.8195, -17.6046], [-46.8181, -17.6039], [-46.8171, -17.6054], [-46.8156, -17.6053], [-46.8153, -17.6035], [-46.8137, -17.6025], [-46.8134, -17.6014], [-46.812, -17.6], [-46.8105, -17.6004], [-46.8098, -17.6017], [-46.8084, -17.6013], [-46.8077, -17.599], [-46.8062, -17.5986], [-46.8049, -17.5966], [-46.8047, -17.5923], [-46.8038, -17.5913], [-46.8016, -17.5911], [-46.8015, -17.5924], [-46.8002, -17.593], [-46.797, -17.5927], [-46.7964, -17.5944], [-46.7948, -17.5958], [-46.793, -17.5957], [-46.7916, -17.5975], [-46.7908, -17.5972], [-46.7895, -17.5987], [-46.7887, -17.6008], [-46.7878, -17.6011], [-46.7874, -17.6025], [-46.786, -17.6039], [-46.785, -17.6041], [-46.783, -17.6028], [-46.7826, -17.604], [-46.7805, -17.6043], [-46.7798, -17.607], [-46.7791, -17.6081], [-46.7793, -17.6114], [-46.7783, -17.6117], [-46.7749, -17.6113], [-46.774, -17.6123], [-46.7715, -17.6135], [-46.7703, -17.6127], [-46.7705, -17.6108], [-46.77, -17.6091], [-46.7691, -17.6095], [-46.7691, -17.6109], [-46.7684, -17.6119], [-46.7648, -17.6132], [-46.7641, -17.6124], [-46.7612, -17.6128], [-46.7593, -17.6123], [-46.7576, -17.6112], [-46.7575, -17.6127], [-46.7549, -17.6134], [-46.7541, -17.6124], [-46.7517, -17.6123], [-46.7509, -17.6139], [-46.7493, -17.6148], [-46.7476, -17.6149], [-46.7471, -17.6158], [-46.7474, -17.6176], [-46.7469, -17.6183], [-46.7444, -17.6192], [-46.7398, -17.6177], [-46.7393, -17.6185], [-46.736, -17.6183], [-46.7357, -17.6171], [-46.734, -17.6166], [-46.7339, -17.6191], [-46.7319, -17.6172], [-46.7318, -17.6154], [-46.7289, -17.6159], [-46.7271, -17.6144], [-46.7269, -17.6122], [-46.7245, -17.6119], [-46.7236, -17.6107], [-46.7204, -17.612], [-46.7196, -17.6108], [-46.7207, -17.6092], [-46.72, -17.608], [-46.7176, -17.6066], [-46.7185, -17.605], [-46.7153, -17.605], [-46.7149, -17.6035], [-46.716, -17.6027], [-46.7134, -17.6015], [-46.7125, -17.6032], [-46.71, -17.6007], [-46.7074, -17.596], [-46.7062, -17.597], [-46.704, -17.5945], [-46.7039, -17.593], [-46.7023, -17.5914], [-46.7004, -17.5927], [-46.6983, -17.5925], [-46.6962, -17.593], [-46.6958, -17.5906], [-46.6943, -17.5906], [-46.6937, -17.5892], [-46.6924, -17.5904], [-46.6913, -17.5889], [-46.693, -17.5883], [-46.6952, -17.5867], [-46.6957, -17.5858], [-46.6953, -17.584], [-46.6955, -17.5825], [-46.6968, -17.5808], [-46.6971, -17.5794], [-46.6948, -17.5799], [-46.694, -17.5788], [-46.6928, -17.5785], [-46.6917, -17.5772], [-46.69, -17.5762], [-46.691, -17.575], [-46.6879, -17.5734], [-46.6863, -17.5735], [-46.6858, -17.5749], [-46.6841, -17.5745], [-46.6838, -17.5737], [-46.682, -17.573], [-46.6789, -17.5734], [-46.6781, -17.5745], [-46.6758, -17.5719], [-46.6739, -17.5713], [-46.6736, -17.57], [-46.672, -17.5689], [-46.6703, -17.5639], [-46.6696, -17.5631], [-46.6677, -17.5634], [-46.6665, -17.5608], [-46.6681, -17.5603], [-46.6681, -17.5571], [-46.6705, -17.5564], [-46.672, -17.5565], [-46.6726, -17.5546], [-46.6731, -17.5515], [-46.673, -17.5497], [-46.6722, -17.5477], [-46.6727, -17.546], [-46.6693, -17.545], [-46.668, -17.5417], [-46.666, -17.5397], [-46.6647, -17.5379], [-46.6633, -17.5384], [-46.6628, -17.5368], [-46.6604, -17.537], [-46.6586, -17.5354], [-46.6561, -17.5352], [-46.6546, -17.5338], [-46.6531, -17.5331], [-46.6513, -17.5335], [-46.651, -17.5344], [-46.651, -17.538], [-46.6502, -17.5392], [-46.6488, -17.5393], [-46.6492, -17.5363], [-46.6465, -17.5351], [-46.6475, -17.5331], [-46.6476, -17.5313], [-46.6484, -17.5301], [-46.6446, -17.5295], [-46.644, -17.5288], [-46.6444, -17.5267], [-46.6416, -17.5274], [-46.6397, -17.53], [-46.6355, -17.5306], [-46.6348, -17.5294], [-46.6348, -17.5271], [-46.6332, -17.5246], [-46.6321, -17.5235], [-46.6319, -17.5216], [-46.6329, -17.5206], [-46.6326, -17.5182], [-46.6307, -17.517], [-46.6293, -17.5193], [-46.6269, -17.5196], [-46.6265, -17.5213], [-46.628, -17.5238], [-46.6272, -17.5242], [-46.6253, -17.5234], [-46.6218, -17.5248], [-46.6205, -17.5245], [-46.6201, -17.5231], [-46.6202, -17.5211], [-46.6187, -17.5187], [-46.6195, -17.5164], [-46.6223, -17.516], [-46.624, -17.5149], [-46.6246, -17.5127], [-46.6223, -17.512], [-46.6209, -17.5133], [-46.6186, -17.5116], [-46.6155, -17.5104], [-46.6147, -17.5112], [-46.6171, -17.5126], [-46.6173, -17.5135], [-46.6143, -17.515], [-46.6103, -17.513], [-46.6101, -17.5117], [-46.6112, -17.5107], [-46.6143, -17.5087], [-46.6166, -17.5069], [-46.6192, -17.5064], [-46.6196, -17.5056], [-46.6195, -17.5032], [-46.6225, -17.5037], [-46.6205, -17.5016], [-46.6192, -17.4982], [-46.6167, -17.4981], [-46.6145, -17.499], [-46.6125, -17.4989], [-46.6097, -17.4979], [-46.6078, -17.498], [-46.6066, -17.4991], [-46.6029, -17.5012], [-46.601, -17.5059], [-46.6008, -17.5078], [-46.5998, -17.5106], [-46.5984, -17.5118], [-46.5962, -17.5116], [-46.5941, -17.51], [-46.5919, -17.5088], [-46.5907, -17.5072], [-46.5907, -17.5063], [-46.5935, -17.5052], [-46.5935, -17.5036], [-46.5909, -17.5036], [-46.5897, -17.5045], [-46.5874, -17.5054], [-46.5849, -17.5076], [-46.5845, -17.5089], [-46.5867, -17.5119], [-46.591, -17.5147], [-46.5923, -17.5163], [-46.5924, -17.5186], [-46.59, -17.5192], [-46.5861, -17.5155], [-46.5852, -17.5151], [-46.5848, -17.5127], [-46.5841, -17.5119], [-46.5802, -17.5104], [-46.577, -17.5099], [-46.5766, -17.5084], [-46.5767, -17.506], [-46.5741, -17.5035], [-46.5724, -17.5024], [-46.5703, -17.4985], [-46.5699, -17.497], [-46.569, -17.4957], [-46.5658, -17.4936], [-46.5592, -17.4916], [-46.5542, -17.4904], [-46.5508, -17.489], [-46.5489, -17.4873], [-46.548, -17.4858], [-46.5481, -17.4843], [-46.5489, -17.4837], [-46.5529, -17.4829], [-46.558, -17.4827], [-46.562, -17.4821], [-46.563, -17.4817], [-46.5647, -17.4793], [-46.5646, -17.477], [-46.5632, -17.4747], [-46.5587, -17.4717], [-46.5564, -17.4676], [-46.5552, -17.4658], [-46.5523, -17.4634], [-46.5458, -17.4606], [-46.5447, -17.4589], [-46.5452, -17.4554], [-46.5464, -17.4537], [-46.5488, -17.4521], [-46.5486, -17.4497], [-46.547, -17.4467], [-46.5453, -17.4452], [-46.5432, -17.4452], [-46.5402, -17.4463], [-46.5379, -17.4476], [-46.536, -17.4475], [-46.535, -17.4463], [-46.5353, -17.4445], [-46.5371, -17.4426], [-46.5394, -17.4413], [-46.5423, -17.4405], [-46.5438, -17.4397], [-46.5446, -17.4384], [-46.5453, -17.4344], [-46.5463, -17.4322], [-46.5487, -17.4297], [-46.5485, -17.4279], [-46.5471, -17.4271], [-46.545, -17.4271], [-46.543, -17.4263], [-46.5422, -17.4246], [-46.5435, -17.4209], [-46.5435, -17.4197], [-46.5423, -17.4186], [-46.5373, -17.419], [-46.535, -17.4186], [-46.5331, -17.4167], [-46.5329, -17.4125], [-46.5322, -17.4107], [-46.5305, -17.4114], [-46.5283, -17.414], [-46.5265, -17.4153], [-46.5245, -17.4152], [-46.5224, -17.4146], [-46.5205, -17.4135], [-46.5188, -17.4121], [-46.5166, -17.4119], [-46.5142, -17.413], [-46.5117, -17.4158], [-46.5101, -17.4186], [-46.5086, -17.4183], [-46.5057, -17.4151], [-46.5029, -17.4111], [-46.4983, -17.4062], [-46.494, -17.3998], [-46.4916, -17.3986], [-46.4865, -17.397], [-46.4831, -17.3975], [-46.4812, -17.3986], [-46.4769, -17.4022], [-46.4759, -17.4026], [-46.4727, -17.4026], [-46.4705, -17.4012], [-46.4695, -17.3998], [-46.4696, -17.398], [-46.4712, -17.395], [-46.4715, -17.3937], [-46.4702, -17.3875], [-46.4704, -17.3827], [-46.4718, -17.379], [-46.473, -17.3771], [-46.475, -17.3749], [-46.4781, -17.3721], [-46.4816, -17.3706], [-46.4847, -17.3687], [-46.4857, -17.3666], [-46.4857, -17.3655], [-46.4845, -17.364], [-46.482, -17.3623], [-46.4793, -17.3615], [-46.4774, -17.3595], [-46.4775, -17.3557], [-46.4792, -17.3543], [-46.4844, -17.3519], [-46.4863, -17.35], [-46.4876, -17.3469], [-46.4876, -17.3455], [-46.4867, -17.3434], [-46.4838, -17.3412], [-46.4802, -17.3398], [-46.4786, -17.3382], [-46.4794, -17.3363], [-46.481, -17.3337], [-46.4849, -17.3316], [-46.4876, -17.3286], [-46.4889, -17.3267], [-46.4889, -17.3246], [-46.4875, -17.3228], [-46.4857, -17.3218], [-46.4841, -17.3217], [-46.4801, -17.3241], [-46.4779, -17.3247], [-46.4738, -17.3264], [-46.4722, -17.3266], [-46.4706, -17.326], [-46.4684, -17.3203], [-46.4676, -17.3169], [-46.4663, -17.3143], [-46.4666, -17.312], [-46.4688, -17.3107], [-46.4756, -17.3114], [-46.4778, -17.3106], [-46.4801, -17.3108], [-46.4804, -17.3135], [-46.4814, -17.3151], [-46.484, -17.3172], [-46.4865, -17.3163], [-46.4869, -17.3154], [-46.4843, -17.3125], [-46.4835, -17.3108], [-46.4835, -17.3077], [-46.4842, -17.3058], [-46.4841, -17.303], [-46.4835, -17.3014], [-46.485, -17.3005], [-46.488, -17.3012], [-46.4922, -17.3013], [-46.4947, -17.3006], [-46.4946, -17.2989], [-46.4915, -17.2944], [-46.4886, -17.2918], [-46.486, -17.2911], [-46.4827, -17.291], [-46.4802, -17.2899], [-46.4745, -17.29], [-46.4726, -17.2893], [-46.4704, -17.287], [-46.4685, -17.2826], [-46.4658, -17.2802], [-46.4618, -17.2784], [-46.46, -17.2772], [-46.46, -17.2753], [-46.4609, -17.2738], [-46.4639, -17.2722], [-46.467, -17.2721], [-46.4685, -17.2714], [-46.47, -17.2699], [-46.4714, -17.2672], [-46.4713, -17.2655], [-46.4704, -17.2639], [-46.4715, -17.263], [-46.4746, -17.265], [-46.4776, -17.2659], [-46.4793, -17.2671], [-46.4798, -17.2685], [-46.4794, -17.2729], [-46.4797, -17.2757], [-46.4804, -17.2775], [-46.482, -17.2771], [-46.4829, -17.2758], [-46.4841, -17.2722], [-46.4844, -17.2694], [-46.484, -17.2678], [-46.4824, -17.2663], [-46.4801, -17.2648], [-46.4777, -17.2611], [-46.4726, -17.2552], [-46.4711, -17.2544], [-46.4682, -17.2535], [-46.4624, -17.2529], [-46.4598, -17.253], [-46.4559, -17.2539], [-46.4534, -17.2539], [-46.4499, -17.2542], [-46.446, -17.2533], [-46.4435, -17.2533], [-46.4395, -17.2522], [-46.4366, -17.2526], [-46.4353, -17.2543], [-46.4357, -17.2608], [-46.4344, -17.2629], [-46.4309, -17.2651], [-46.4289, -17.2655], [-46.4242, -17.2636], [-46.4223, -17.2624], [-46.4201, -17.2594], [-46.4201, -17.2579], [-46.4214, -17.2548], [-46.4211, -17.2516], [-46.4192, -17.2494], [-46.4182, -17.2489], [-46.4124, -17.2489], [-46.4107, -17.2506], [-46.4109, -17.2555], [-46.4123, -17.2587], [-46.412, -17.2602], [-46.4109, -17.2613], [-46.4093, -17.264], [-46.4073, -17.265], [-46.4063, -17.2649], [-46.4042, -17.2633], [-46.4017, -17.2597], [-46.4001, -17.2585], [-46.3969, -17.2575], [-46.392, -17.2571], [-46.3911, -17.256], [-46.3921, -17.254], [-46.3939, -17.2527], [-46.3959, -17.2508], [-46.3968, -17.2485], [-46.3962, -17.2453], [-46.3947, -17.243], [-46.3922, -17.24], [-46.3913, -17.2395], [-46.3873, -17.2393], [-46.3858, -17.2396], [-46.384, -17.241], [-46.3841, -17.244], [-46.3865, -17.2455], [-46.388, -17.2454], [-46.391, -17.2458], [-46.3927, -17.247], [-46.3919, -17.2494], [-46.3901, -17.2501], [-46.3879, -17.2501], [-46.3837, -17.251], [-46.3811, -17.2509], [-46.3795, -17.2499], [-46.376, -17.2458], [-46.3763, -17.2439], [-46.3786, -17.2413], [-46.3821, -17.2388], [-46.3853, -17.2352], [-46.3896, -17.2327], [-46.3904, -17.2313], [-46.3919, -17.2272], [-46.3931, -17.2261], [-46.3963, -17.2262], [-46.3975, -17.2273], [-46.3974, -17.2303], [-46.398, -17.2324], [-46.3997, -17.2336], [-46.4018, -17.2336], [-46.4041, -17.2312], [-46.4042, -17.2278], [-46.4028, -17.2262], [-46.3951, -17.2225], [-46.3917, -17.2241], [-46.3853, -17.2266], [-46.3807, -17.2269], [-46.3768, -17.2262], [-46.3717, -17.2261], [-46.3681, -17.2252], [-46.3669, -17.2233], [-46.3673, -17.2204], [-46.3678, -17.2188], [-46.3678, -17.2157], [-46.367, -17.2143], [-46.3651, -17.2145], [-46.3623, -17.2185], [-46.361, -17.2196], [-46.3595, -17.2187], [-46.3595, -17.2134], [-46.3603, -17.2108], [-46.3619, -17.2069], [-46.3622, -17.2053], [-46.3619, -17.2035], [-46.3618, -17.1986], [-46.36, -17.1892], [-46.3599, -17.1858], [-46.3592, -17.1842], [-46.3556, -17.1796], [-46.3526, -17.178], [-46.351, -17.1781], [-46.342, -17.1808], [-46.3391, -17.1829], [-46.3368, -17.1856], [-46.3338, -17.1916], [-46.3315, -17.1946], [-46.3283, -17.2007], [-46.3247, -17.2031], [-46.3217, -17.2033], [-46.3195, -17.2038], [-46.318, -17.2045], [-46.3136, -17.2102], [-46.3103, -17.2125], [-46.3077, -17.2126], [-46.3004, -17.2098], [-46.2954, -17.2061], [-46.2937, -17.2054], [-46.292, -17.2055], [-46.2862, -17.2039], [-46.285, -17.2027], [-46.2816, -17.1973], [-46.2805, -17.1947], [-46.2801, -17.1923], [-46.2799, -17.1875], [-46.28, -17.1822], [-46.2803, -17.1801], [-46.2812, -17.1782], [-46.2827, -17.174], [-46.2826, -17.1712], [-46.282, -17.169], [-46.2794, -17.1621], [-46.2789, -17.1605], [-46.2786, -17.1555], [-46.2773, -17.1492], [-46.277, -17.1459], [-46.2784, -17.1425], [-46.2804, -17.1409], [-46.2828, -17.1412], [-46.2853, -17.1426], [-46.2873, -17.142], [-46.2872, -17.1363], [-46.289, -17.133], [-46.2904, -17.1316], [-46.2921, -17.1308], [-46.2932, -17.1283], [-46.2936, -17.1265], [-46.2933, -17.1233], [-46.2928, -17.1223], [-46.2906, -17.1204], [-46.2869, -17.1154], [-46.2851, -17.1121], [-46.2822, -17.1089], [-46.2772, -17.1054], [-46.2742, -17.1021], [-46.2727, -17.1009], [-46.2718, -17.0991], [-46.2721, -17.0959], [-46.2715, -17.0938], [-46.2715, -17.0919], [-46.2734, -17.0854], [-46.2748, -17.0826], [-46.2777, -17.0779], [-46.279, -17.0751], [-46.2783, -17.0721], [-46.276, -17.0699], [-46.273, -17.0689], [-46.2691, -17.0667], [-46.2665, -17.0645], [-46.2628, -17.0606], [-46.2591, -17.0578], [-46.2572, -17.0544], [-46.2565, -17.0521], [-46.2564, -17.0476], [-46.2556, -17.0462], [-46.2525, -17.046], [-46.2505, -17.0468], [-46.2472, -17.049], [-46.2451, -17.049], [-46.2431, -17.0478], [-46.2434, -17.0462], [-46.2443, -17.045], [-46.2464, -17.0438], [-46.2501, -17.043], [-46.2544, -17.0404], [-46.2543, -17.0384], [-46.2533, -17.0372], [-46.2512, -17.0367], [-46.2433, -17.0369], [-46.2397, -17.038], [-46.2359, -17.038], [-46.2312, -17.0357], [-46.229, -17.0337], [-46.2296, -17.0313], [-46.2321, -17.0295], [-46.2373, -17.0286], [-46.2396, -17.0267], [-46.2398, -17.0253], [-46.2389, -17.0245], [-46.2359, -17.0233], [-46.2335, -17.022], [-46.2319, -17.0217], [-46.229, -17.0204], [-46.2256, -17.02], [-46.2236, -17.0209], [-46.2188, -17.0213], [-46.2182, -17.0216], [-46.2158, -17.0202], [-46.2141, -17.0171], [-46.2132, -17.0166], [-46.21, -17.0164], [-46.2088, -17.016], [-46.206, -17.0172], [-46.2048, -17.0172], [-46.2028, -17.0165], [-46.2026, -17.014], [-46.2039, -17.0113], [-46.2066, -17.0093], [-46.2102, -17.0072], [-46.2114, -17.0068], [-46.2146, -17.0066], [-46.2181, -17.0058], [-46.2207, -17.0044], [-46.2236, -17.0021], [-46.2251, -16.9999], [-46.2268, -16.9964], [-46.2282, -16.9953], [-46.2315, -16.9934], [-46.2345, -16.9905], [-46.2361, -16.9871], [-46.2373, -16.9836], [-46.2393, -16.9835], [-46.2413, -16.9819], [-46.2428, -16.9776], [-46.2438, -16.9777], [-46.2452, -16.9795], [-46.2467, -16.9806], [-46.2475, -16.9824], [-46.2492, -16.9819], [-46.2499, -16.9799], [-46.2515, -16.9799], [-46.2517, -16.9781], [-46.2509, -16.9757], [-46.251, -16.9746], [-46.2528, -16.9741], [-46.2545, -16.9751], [-46.2588, -16.9791], [-46.261, -16.9777], [-46.2631, -16.9783], [-46.2633, -16.9761], [-46.2665, -16.9742], [-46.267, -16.9715], [-46.2704, -16.9695], [-46.2729, -16.9675], [-46.2749, -16.9665], [-46.2789, -16.9668], [-46.2818, -16.968], [-46.2833, -16.9695], [-46.2842, -16.9697], [-46.286, -16.9676], [-46.2856, -16.9666], [-46.2836, -16.9669], [-46.2825, -16.9658], [-46.2832, -16.9636], [-46.2813, -16.963], [-46.2804, -16.9607], [-46.2787, -16.9577], [-46.2799, -16.9563], [-46.2834, -16.9562], [-46.2872, -16.9571], [-46.2933, -16.9576], [-46.2962, -16.956], [-46.2955, -16.9547], [-46.2924, -16.9541], [-46.2885, -16.9527], [-46.2846, -16.9505], [-46.2837, -16.9492], [-46.2853, -16.9473], [-46.2877, -16.9477], [-46.2893, -16.9499], [-46.2905, -16.9507], [-46.2923, -16.9496], [-46.2955, -16.9455], [-46.2966, -16.9455], [-46.2979, -16.9483], [-46.2997, -16.9494], [-46.302, -16.9502], [-46.3022, -16.951], [-46.3, -16.9529], [-46.3005, -16.9558], [-46.3024, -16.959], [-46.3047, -16.9614], [-46.3066, -16.9625], [-46.3094, -16.9612], [-46.3093, -16.9598], [-46.3066, -16.9592], [-46.3056, -16.9584], [-46.3034, -16.958], [-46.3022, -16.957], [-46.3035, -16.9514], [-46.3051, -16.9505], [-46.3106, -16.9541], [-46.3118, -16.9544], [-46.3144, -16.9567], [-46.3154, -16.9568], [-46.3177, -16.9547], [-46.3216, -16.9539], [-46.3259, -16.9534], [-46.3308, -16.9519], [-46.3323, -16.9521], [-46.3321, -16.9534], [-46.3299, -16.9549], [-46.3301, -16.9558], [-46.3325, -16.9575], [-46.3364, -16.9584], [-46.3391, -16.9624], [-46.3406, -16.9627], [-46.3416, -16.9606], [-46.3427, -16.9563], [-46.344, -16.9545], [-46.3444, -16.9522], [-46.344, -16.9503], [-46.3428, -16.9486], [-46.3432, -16.9472], [-46.3448, -16.9473], [-46.3455, -16.9488], [-46.3464, -16.9486], [-46.3477, -16.9469], [-46.3499, -16.9453], [-46.3514, -16.9425], [-46.3545, -16.9413], [-46.3541, -16.939], [-46.3553, -16.9365], [-46.355, -16.9346], [-46.3558, -16.9334], [-46.3582, -16.9322], [-46.3606, -16.9324], [-46.3626, -16.935], [-46.3645, -16.9348], [-46.3664, -16.933], [-46.3708, -16.9321], [-46.3722, -16.9313], [-46.3723, -16.9304], [-46.3695, -16.9286], [-46.369, -16.9272], [-46.3673, -16.9258], [-46.3652, -16.925], [-46.3656, -16.9224], [-46.3689, -16.9198], [-46.3714, -16.9197], [-46.3729, -16.921], [-46.3726, -16.9225], [-46.3731, -16.9233], [-46.3746, -16.923], [-46.3804, -16.9231], [-46.3816, -16.9246], [-46.3809, -16.9278], [-46.3816, -16.9291], [-46.384, -16.9284], [-46.3841, -16.9274], [-46.3828, -16.9239], [-46.3815, -16.9224], [-46.3784, -16.921], [-46.3783, -16.9196], [-46.3811, -16.9203], [-46.3817, -16.9194], [-46.3792, -16.9181], [-46.38, -16.9158], [-46.3814, -16.9146], [-46.3799, -16.9126], [-46.38, -16.9113], [-46.3811, -16.9103], [-46.3837, -16.9104], [-46.3855, -16.9111], [-46.388, -16.9129], [-46.3901, -16.9131], [-46.391, -16.9101], [-46.3919, -16.9084], [-46.392, -16.9073], [-46.3912, -16.8992], [-46.3918, -16.8982], [-46.3962, -16.8985], [-46.3998, -16.8992], [-46.4011, -16.9], [-46.4032, -16.9022], [-46.4058, -16.9033], [-46.4071, -16.9029], [-46.4065, -16.9001], [-46.4084, -16.8974], [-46.4087, -16.8944], [-46.411, -16.8918], [-46.4126, -16.8906], [-46.4137, -16.8921], [-46.4123, -16.8941], [-46.4127, -16.8949], [-46.4144, -16.8939], [-46.4153, -16.8948], [-46.4142, -16.8958], [-46.4167, -16.897], [-46.4167, -16.8949], [-46.4178, -16.8929], [-46.4195, -16.8919], [-46.4211, -16.8925], [-46.4214, -16.8946], [-46.4225, -16.8964], [-46.4259, -16.8987], [-46.426, -16.8973], [-46.4298, -16.8969], [-46.4354, -16.8959], [-46.438, -16.8956], [-46.4389, -16.8972], [-46.4361, -16.8988], [-46.4376, -16.8994], [-46.4374, -16.9014], [-46.4395, -16.9023], [-46.4413, -16.9016], [-46.4473, -16.9002], [-46.4494, -16.9007], [-46.4503, -16.8994], [-46.4508, -16.8972], [-46.4545, -16.8978], [-46.4565, -16.8985], [-46.4563, -16.8971], [-46.4574, -16.8963], [-46.4572, -16.8933], [-46.4574, -16.8915], [-46.4588, -16.8916], [-46.4623, -16.8929], [-46.4626, -16.895], [-46.4615, -16.8967], [-46.4619, -16.8984], [-46.4636, -16.8976], [-46.4649, -16.8962], [-46.4665, -16.8952], [-46.4686, -16.8958], [-46.4707, -16.8959], [-46.4721, -16.8965], [-46.474, -16.896], [-46.4744, -16.8951], [-46.4745, -16.8926], [-46.4758, -16.8913], [-46.4769, -16.8918], [-46.4757, -16.8933], [-46.4757, -16.8942], [-46.4773, -16.8951], [-46.4795, -16.8941], [-46.4815, -16.8945], [-46.4808, -16.8925], [-46.4826, -16.8921], [-46.4837, -16.893], [-46.4848, -16.8922], [-46.4843, -16.8911], [-46.4854, -16.8896], [-46.4866, -16.8908], [-46.4881, -16.8903], [-46.4878, -16.888], [-46.4886, -16.8874], [-46.4906, -16.8889], [-46.4915, -16.889], [-46.4924, -16.8867], [-46.4933, -16.8867], [-46.4945, -16.8885], [-46.4953, -16.8882], [-46.4949, -16.8863], [-46.4955, -16.8856], [-46.4979, -16.8859], [-46.5002, -16.8866], [-46.5012, -16.8863], [-46.5022, -16.8845], [-46.5031, -16.8863], [-46.5041, -16.8861], [-46.5054, -16.8846], [-46.5082, -16.8851], [-46.5119, -16.8845], [-46.5144, -16.8834], [-46.5175, -16.8834], [-46.5187, -16.8841], [-46.5205, -16.8833], [-46.5221, -16.8833], [-46.5233, -16.8841], [-46.5241, -16.8854], [-46.5255, -16.8853], [-46.5246, -16.8875], [-46.5265, -16.8871], [-46.5285, -16.8889], [-46.5313, -16.8888], [-46.5304, -16.8914], [-46.5343, -16.8919], [-46.5344, -16.8894], [-46.5372, -16.8901], [-46.5377, -16.8888], [-46.5415, -16.8859], [-46.5412, -16.889], [-46.5432, -16.8889], [-46.5447, -16.8878], [-46.5451, -16.8893], [-46.5469, -16.8887], [-46.5482, -16.8869], [-46.5496, -16.8872], [-46.5529, -16.8843], [-46.5516, -16.8832], [-46.5531, -16.8824], [-46.5537, -16.881], [-46.5564, -16.8796], [-46.558, -16.8812], [-46.562, -16.8817], [-46.5622, -16.88], [-46.5637, -16.8776], [-46.5654, -16.8776], [-46.5657, -16.8795], [-46.5668, -16.8794], [-46.5671, -16.878], [-46.5687, -16.8767], [-46.5703, -16.8761], [-46.5714, -16.8727], [-46.5744, -16.8702], [-46.579, -16.8701], [-46.5834, -16.8694], [-46.5851, -16.8714], [-46.5862, -16.8732], [-46.588, -16.8727], [-46.5881, -16.8705], [-46.5876, -16.869], [-46.5891, -16.866], [-46.593, -16.8663], [-46.5941, -16.8668], [-46.5945, -16.8648], [-46.596, -16.8635], [-46.5945, -16.8631], [-46.5947, -16.8619], [-46.596, -16.861], [-46.5979, -16.8551], [-46.5987, -16.8546], [-46.6013, -16.8541], [-46.6021, -16.855], [-46.6051, -16.8557], [-46.6056, -16.8551], [-46.6048, -16.8537], [-46.6058, -16.8506], [-46.607, -16.85], [-46.6063, -16.8483], [-46.6077, -16.8472], [-46.607, -16.8453], [-46.6071, -16.8442], [-46.6082, -16.8435], [-46.6098, -16.8442], [-46.6109, -16.8426], [-46.6129, -16.8418], [-46.6143, -16.8401], [-46.6162, -16.8397], [-46.6168, -16.8384], [-46.6183, -16.838], [-46.6188, -16.8366], [-46.621, -16.8354], [-46.6228, -16.8361], [-46.6236, -16.8344], [-46.6256, -16.8337], [-46.6269, -16.8344], [-46.6277, -16.8337], [-46.6266, -16.8316], [-46.6289, -16.8294], [-46.6297, -16.8271], [-46.632, -16.8262], [-46.6331, -16.8272], [-46.6342, -16.8261], [-46.6349, -16.8274], [-46.6361, -16.8263], [-46.6362, -16.8251], [-46.6379, -16.8232], [-46.637, -16.8211], [-46.6375, -16.8204], [-46.6369, -16.8182], [-46.6377, -16.817], [-46.6402, -16.815], [-46.6402, -16.8135], [-46.642, -16.8127], [-46.6407, -16.8107], [-46.6432, -16.8085], [-46.6436, -16.8052], [-46.6421, -16.8026], [-46.6426, -16.802], [-46.6458, -16.8024], [-46.648, -16.8006], [-46.6473, -16.7982], [-46.6494, -16.798], [-46.6522, -16.7984], [-46.6526, -16.7961], [-46.6512, -16.7957], [-46.6525, -16.7937], [-46.6543, -16.7939], [-46.6562, -16.7947], [-46.6576, -16.7957], [-46.6587, -16.7974], [-46.6598, -16.7965], [-46.6618, -16.7972], [-46.6631, -16.7987], [-46.6651, -16.7993], [-46.6668, -16.7979], [-46.6681, -16.798], [-46.6685, -16.7966], [-46.6703, -16.796], [-46.6713, -16.7967], [-46.6743, -16.7966], [-46.6744, -16.7951], [-46.6774, -16.7952], [-46.6789, -16.7955], [-46.6803, -16.7967], [-46.6795, -16.7985], [-46.6813, -16.7982], [-46.6827, -16.7991], [-46.6834, -16.7983], [-46.6848, -16.7999], [-46.6873, -16.8008], [-46.6879, -16.8016], [-46.6881, -16.8055], [-46.6896, -16.8075], [-46.6929, -16.8088], [-46.696, -16.8134], [-46.6989, -16.8162], [-46.6993, -16.8186], [-46.7014, -16.8173], [-46.7023, -16.8177], [-46.7038, -16.8201], [-46.7052, -16.8198], [-46.706, -16.8217], [-46.7084, -16.8233], [-46.7095, -16.827], [-46.7107, -16.8275], [-46.7103, -16.829], [-46.7135, -16.8321], [-46.7155, -16.8329], [-46.7163, -16.8352], [-46.7155, -16.8391], [-46.7173, -16.8392], [-46.7192, -16.8411], [-46.7233, -16.8417], [-46.7242, -16.8384], [-46.727, -16.8375], [-46.7291, -16.8372], [-46.7317, -16.8375], [-46.7318, -16.839], [-46.7314, -16.8409], [-46.7322, -16.8417], [-46.7322, -16.8433], [-46.7333, -16.8439], [-46.7352, -16.8438], [-46.7368, -16.8453], [-46.7395, -16.8493], [-46.7396, -16.851], [-46.7387, -16.8526], [-46.7367, -16.8524], [-46.735, -16.8533], [-46.7347, -16.8542], [-46.7329, -16.8541], [-46.7319, -16.8551], [-46.7316, -16.8566], [-46.7332, -16.8572], [-46.7394, -16.8575], [-46.7406, -16.8579], [-46.7403, -16.8606], [-46.7406, -16.8631], [-46.7413, -16.8638], [-46.7452, -16.8649], [-46.7472, -16.8647], [-46.7484, -16.8659], [-46.7494, -16.865], [-46.7518, -16.8653], [-46.7526, -16.8642], [-46.754, -16.8638], [-46.7546, -16.8652], [-46.7568, -16.8651], [-46.7589, -16.8629], [-46.7623, -16.8603], [-46.7628, -16.8586], [-46.7681, -16.8611], [-46.7694, -16.86], [-46.7706, -16.8613], [-46.7722, -16.8637], [-46.7734, -16.8627], [-46.7806, -16.8627], [-46.7815, -16.8639], [-46.7826, -16.8641], [-46.7835, -16.8676], [-46.7825, -16.8686], [-46.7832, -16.8705], [-46.7848, -16.8686], [-46.7866, -16.867], [-46.7876, -16.8672], [-46.7875, -16.8697], [-46.7883, -16.8711], [-46.7909, -16.8714], [-46.7938, -16.8736], [-46.797, -16.8733], [-46.7994, -16.8741], [-46.8013, -16.8752], [-46.8035, -16.8752], [-46.8054, -16.8765], [-46.8065, -16.8763], [-46.8093, -16.8777], [-46.8113, -16.8807], [-46.8115, -16.8826], [-46.8128, -16.8831], [-46.8126, -16.8863], [-46.8141, -16.8862], [-46.8151, -16.8878], [-46.8175, -16.8874], [-46.8189, -16.8879], [-46.8189, -16.8894], [-46.8178, -16.891], [-46.8196, -16.8916], [-46.8197, -16.8925], [-46.8215, -16.8925], [-46.8231, -16.8914], [-46.8242, -16.8932], [-46.828, -16.8938], [-46.8288, -16.895], [-46.8311, -16.8942], [-46.8308, -16.8973], [-46.8299, -16.898], [-46.8316, -16.8991], [-46.8319, -16.9011], [-46.8299, -16.9044], [-46.8321, -16.9076], [-46.8316, -16.9103], [-46.8332, -16.9108], [-46.8338, -16.9128], [-46.8348, -16.9142], [-46.834, -16.9163], [-46.836, -16.9178], [-46.836, -16.9197], [-46.8372, -16.9205], [-46.8377, -16.9218], [-46.8389, -16.9205], [-46.8399, -16.9208], [-46.8431, -16.9187], [-46.844, -16.9187], [-46.8464, -16.9171], [-46.8461, -16.9143], [-46.8466, -16.9127], [-46.8453, -16.912], [-46.848, -16.9089], [-46.8491, -16.9091], [-46.8513, -16.9064], [-46.8543, -16.9063], [-46.8552, -16.9046], [-46.8546, -16.9032], [-46.853, -16.9032], [-46.8519, -16.902], [-46.8526, -16.9012], [-46.8524, -16.8979], [-46.8534, -16.8969], [-46.8535, -16.8949], [-46.8561, -16.8948], [-46.8575, -16.8935], [-46.8575, -16.8915], [-46.858, -16.8906], [-46.8598, -16.8896], [-46.8597, -16.8886], [-46.8576, -16.8867], [-46.8593, -16.8847], [-46.8605, -16.8825], [-46.8614, -16.882], [-46.8635, -16.882], [-46.8654, -16.8808], [-46.865, -16.8795], [-46.8688, -16.8789], [-46.8688, -16.875], [-46.8698, -16.8731], [-46.8709, -16.8721], [-46.8722, -16.8732], [-46.8719, -16.8748], [-46.8747, -16.8747], [-46.8755, -16.8741], [-46.8755, -16.8726], [-46.8768, -16.872], [-46.8784, -16.8721], [-46.8787, -16.873], [-46.8807, -16.8727], [-46.8811, -16.8736], [-46.8825, -16.8737], [-46.8827, -16.8722], [-46.8813, -16.8715], [-46.8817, -16.8704], [-46.8814, -16.8689], [-46.8804, -16.8677], [-46.8819, -16.8662], [-46.8843, -16.867], [-46.8858, -16.8668], [-46.8855, -16.8684], [-46.8868, -16.8696], [-46.8883, -16.8694], [-46.8903, -16.8682], [-46.8923, -16.8688], [-46.8933, -16.868], [-46.8948, -16.864], [-46.8969, -16.8628], [-46.8985, -16.8605], [-46.8995, -16.8583], [-46.9011, -16.8575], [-46.9028, -16.8584], [-46.9059, -16.8566], [-46.9065, -16.8558], [-46.9042, -16.8545], [-46.9047, -16.8536], [-46.9044, -16.8518], [-46.9065, -16.8518], [-46.9078, -16.8527], [-46.9092, -16.8499], [-46.9104, -16.853], [-46.9131, -16.8505], [-46.9144, -16.8499], [-46.9143, -16.8475], [-46.9161, -16.8455], [-46.918, -16.8454], [-46.9194, -16.8438], [-46.9197, -16.8419], [-46.9208, -16.84], [-46.9197, -16.8384], [-46.9201, -16.8366], [-46.9186, -16.8348], [-46.9178, -16.8359], [-46.9166, -16.8347], [-46.9183, -16.8336], [-46.9165, -16.833], [-46.914, -16.8309], [-46.9147, -16.8274], [-46.9155, -16.8252], [-46.9166, -16.824], [-46.917, -16.822], [-46.9183, -16.8213], [-46.9208, -16.8217], [-46.9224, -16.8202], [-46.9221, -16.8186], [-46.9201, -16.8176], [-46.9186, -16.8155], [-46.9168, -16.8151], [-46.9163, -16.8138], [-46.9143, -16.8129], [-46.9139, -16.8114], [-46.9145, -16.8088], [-46.9143, -16.8069], [-46.9152, -16.8043], [-46.916, -16.8038], [-46.9181, -16.804], [-46.9194, -16.8034], [-46.9219, -16.8009], [-46.9221, -16.7999], [-46.9236, -16.7989], [-46.924, -16.7946], [-46.9249, -16.7935], [-46.9252, -16.79], [-46.9271, -16.7879], [-46.9273, -16.7864], [-46.926, -16.7861], [-46.9239, -16.7824], [-46.9247, -16.7815], [-46.9263, -16.7812], [-46.927, -16.7797], [-46.9288, -16.7788], [-46.9297, -16.7762], [-46.9308, -16.7755], [-46.9316, -16.7767], [-46.9346, -16.7753], [-46.934, -16.7745], [-46.9345, -16.7716], [-46.9362, -16.7707], [-46.9376, -16.7708], [-46.9389, -16.7724], [-46.9411, -16.7721], [-46.9417, -16.7712], [-46.942, -16.7685], [-46.9431, -16.7676], [-46.9425, -16.7658], [-46.941, -16.7648], [-46.9424, -16.7623], [-46.9412, -16.7621], [-46.9426, -16.7588], [-46.9438, -16.7573], [-46.9465, -16.7559], [-46.9468, -16.7526], [-46.9477, -16.7501], [-46.9442, -16.7455], [-46.9446, -16.7439], [-46.9428, -16.7433], [-46.9414, -16.7435], [-46.9406, -16.7427], [-46.9391, -16.7426], [-46.9376, -16.7418], [-46.937, -16.7387], [-46.9364, -16.7379], [-46.9377, -16.7351], [-46.9389, -16.7345], [-46.9381, -16.7326], [-46.9384, -16.7318], [-46.9359, -16.7283], [-46.9362, -16.7259], [-46.9372, -16.7248], [-46.9359, -16.7239], [-46.9361, -16.7224], [-46.9342, -16.7194], [-46.9356, -16.7181], [-46.9363, -16.7159], [-46.9377, -16.7145], [-46.9376, -16.7126], [-46.9367, -16.7108], [-46.9352, -16.71], [-46.9355, -16.7084], [-46.9347, -16.7062], [-46.9354, -16.7048], [-46.9356, -16.7021], [-46.9348, -16.698], [-46.9369, -16.6967], [-46.9384, -16.6946], [-46.9396, -16.6936], [-46.9416, -16.6935], [-46.9428, -16.6902], [-46.9462, -16.6895], [-46.9453, -16.6885], [-46.946, -16.6861], [-46.9474, -16.6846], [-46.9486, -16.6839], [-46.9485, -16.6828], [-46.9467, -16.6808], [-46.9473, -16.6795], [-46.9468, -16.6774], [-46.9455, -16.6772], [-46.9442, -16.6752], [-46.9452, -16.6737], [-46.9461, -16.6742], [-46.9495, -16.6744], [-46.9501, -16.6751], [-46.9519, -16.6737], [-46.9518, -16.6694], [-46.9526, -16.6685], [-46.9528, -16.6656], [-46.9514, -16.6652], [-46.9506, -16.6635], [-46.9464, -16.6629], [-46.9461, -16.661], [-46.9446, -16.661], [-46.9433, -16.6602], [-46.9434, -16.6592], [-46.9449, -16.6582], [-46.9448, -16.6561], [-46.9455, -16.6553], [-46.9475, -16.6547], [-46.9483, -16.6553], [-46.9513, -16.6547], [-46.9524, -16.6521], [-46.9509, -16.6497], [-46.9511, -16.6483], [-46.9535, -16.6447], [-46.9545, -16.6445], [-46.9554, -16.6467], [-46.9563, -16.6478], [-46.9566, -16.6506], [-46.9592, -16.6496], [-46.96, -16.6469], [-46.9617, -16.6468], [-46.9634, -16.6475], [-46.9661, -16.6515], [-46.9659, -16.6531], [-46.9662, -16.655], [-46.9645, -16.6572], [-46.964, -16.6586], [-46.9657, -16.6601], [-46.9671, -16.6605], [-46.9671, -16.6624], [-46.9682, -16.6633], [-46.9711, -16.6635], [-46.9724, -16.6642], [-46.9726, -16.6656], [-46.9746, -16.6661], [-46.9794, -16.6656], [-46.9793, -16.6636], [-46.9801, -16.6617], [-46.9815, -16.6594], [-46.9841, -16.6564], [-46.986, -16.6509], [-46.987, -16.6509], [-46.9884, -16.6497], [-46.9883, -16.6467], [-46.9899, -16.6446], [-46.9902, -16.6432], [-46.9921, -16.6405], [-46.9909, -16.6391], [-46.9911, -16.6357], [-46.9922, -16.6347], [-46.9924, -16.633], [-46.9954, -16.6314], [-46.9954, -16.6299], [-46.9946, -16.6287], [-46.9946, -16.6266], [-46.9952, -16.624], [-46.9962, -16.623], [-46.996, -16.6197], [-46.9975, -16.6147], [-46.9985, -16.6131], [-46.9984, -16.6071], [-46.999, -16.6058], [-46.999, -16.6043], [-46.9998, -16.6031], [-47.0018, -16.604], [-47.003, -16.6033], [-47.0045, -16.6039], [-47.0125, -16.6015], [-47.0152, -16.5993], [-47.0157, -16.5983], [-47.0177, -16.5969], [-47.0201, -16.5973], [-47.021, -16.597], [-47.0239, -16.5972], [-47.0248, -16.5978], [-47.0273, -16.6007], [-47.0302, -16.601], [-47.0307, -16.6025], [-47.0333, -16.6029], [-47.0355, -16.6045], [-47.0382, -16.6056], [-47.0423, -16.6063], [-47.0463, -16.608], [-47.0471, -16.6086], [-47.0564, -16.6127], [-47.0606, -16.6151], [-47.0629, -16.6149], [-47.0659, -16.6152], [-47.0674, -16.6162], [-47.0681, -16.6176], [-47.0695, -16.6224], [-47.0694, -16.6239], [-47.0684, -16.6265], [-47.0679, -16.6289], [-47.0681, -16.6299], [-47.0708, -16.6323], [-47.0752, -16.635], [-47.0769, -16.6371], [-47.0784, -16.6398], [-47.0796, -16.6406], [-47.0823, -16.6415], [-47.0849, -16.6411], [-47.0874, -16.6395], [-47.0894, -16.6391], [-47.092, -16.6392], [-47.0939, -16.6402], [-47.0956, -16.6431], [-47.0959, -16.6456], [-47.0956, -16.6482], [-47.0969, -16.6495], [-47.1094, -16.6539], [-47.1133, -16.6557], [-47.115, -16.6572], [-47.1187, -16.6591], [-47.1219, -16.6602], [-47.1236, -16.6604], [-47.1275, -16.6623], [-47.1287, -16.6625], [-47.1319, -16.6645], [-47.1327, -16.6654], [-47.1367, -16.668], [-47.1397, -16.6703], [-47.1429, -16.6737], [-47.1452, -16.6753], [-47.1459, -16.6763], [-47.148, -16.6828], [-47.1496, -16.6867], [-47.1509, -16.6886], [-47.1558, -16.6928], [-47.1574, -16.6938], [-47.1606, -16.6964], [-47.1623, -16.6972], [-47.168, -16.7009], [-47.1699, -16.7024], [-47.1728, -16.7039], [-47.1799, -16.7083], [-47.1843, -16.7124], [-47.1864, -16.7156], [-47.1892, -16.7202], [-47.1904, -16.7214], [-47.1953, -16.7251], [-47.1989, -16.7281], [-47.2008, -16.7302], [-47.2032, -16.7319], [-47.2079, -16.7347], [-47.21, -16.7357], [-47.2111, -16.7358], [-47.2125, -16.7348], [-47.2148, -16.7305], [-47.2157, -16.7292], [-47.218, -16.7271], [-47.2205, -16.7234], [-47.2221, -16.7221], [-47.2257, -16.7205], [-47.2249, -16.7224], [-47.2232, -16.7234], [-47.2227, -16.7257], [-47.2233, -16.729], [-47.2241, -16.7298], [-47.2277, -16.7312], [-47.2321, -16.7333], [-47.232, -16.7352], [-47.2297, -16.7385], [-47.2279, -16.7404], [-47.2276, -16.7414], [-47.2285, -16.7425], [-47.2309, -16.7423], [-47.2341, -16.7433], [-47.2354, -16.7448], [-47.234, -16.7473], [-47.2342, -16.7486], [-47.2358, -16.7519], [-47.2365, -16.7553], [-47.2338, -16.7603], [-47.2334, -16.7643], [-47.2317, -16.7642], [-47.2278, -16.7616], [-47.2261, -16.761], [-47.2243, -16.7614], [-47.2251, -16.7633], [-47.2273, -16.7659], [-47.2297, -16.7658], [-47.2304, -16.7663], [-47.2315, -16.769], [-47.2312, -16.775], [-47.2301, -16.7762], [-47.2273, -16.7764], [-47.2197, -16.7781], [-47.218, -16.7814], [-47.2203, -16.785], [-47.2205, -16.788], [-47.2198, -16.7898], [-47.2174, -16.7923], [-47.2193, -16.7944], [-47.2199, -16.7964], [-47.2193, -16.7975], [-47.2169, -16.799], [-47.2165, -16.8012], [-47.2185, -16.8014], [-47.2211, -16.8025], [-47.2213, -16.807], [-47.2199, -16.8096], [-47.2177, -16.8106], [-47.2138, -16.8115], [-47.2131, -16.8125], [-47.2118, -16.8176], [-47.211, -16.8183], [-47.2086, -16.8182], [-47.2079, -16.819], [-47.2092, -16.821], [-47.2107, -16.8222], [-47.213, -16.8221], [-47.2137, -16.823], [-47.2141, -16.827], [-47.2126, -16.8278], [-47.2086, -16.827], [-47.2022, -16.8266], [-47.1999, -16.8262], [-47.1985, -16.8254], [-47.1968, -16.8227], [-47.1955, -16.8225], [-47.1946, -16.8246], [-47.1948, -16.8254], [-47.1966, -16.8271], [-47.1997, -16.8287], [-47.2019, -16.8327], [-47.2034, -16.8367], [-47.206, -16.8374], [-47.2064, -16.8384], [-47.2054, -16.8439], [-47.2055, -16.8486], [-47.2062, -16.8518], [-47.2059, -16.853], [-47.2047, -16.8542], [-47.2008, -16.8556], [-47.2002, -16.8571], [-47.2016, -16.8604], [-47.2021, -16.8628], [-47.2042, -16.8634], [-47.2066, -16.8632], [-47.2096, -16.8636], [-47.2103, -16.8653], [-47.2089, -16.8691], [-47.2094, -16.8732], [-47.2084, -16.8747], [-47.206, -16.8739], [-47.203, -16.8735], [-47.2019, -16.8745], [-47.2018, -16.877], [-47.2033, -16.8789], [-47.2029, -16.8806], [-47.2011, -16.8815], [-47.1956, -16.8816], [-47.1942, -16.8824], [-47.1943, -16.8846], [-47.1954, -16.8859], [-47.2005, -16.8879], [-47.2022, -16.8877], [-47.2034, -16.8885], [-47.2038, -16.8912], [-47.2031, -16.8929], [-47.2008, -16.8942], [-47.1951, -16.8953], [-47.1943, -16.8982], [-47.1962, -16.9048], [-47.1989, -16.9074], [-47.1978, -16.9095], [-47.1972, -16.9097], [-47.1949, -16.9073], [-47.1913, -16.9061], [-47.1893, -16.903], [-47.1881, -16.9024], [-47.185, -16.9021], [-47.1828, -16.9013], [-47.1807, -16.9018], [-47.1798, -16.9038], [-47.1767, -16.9089], [-47.1755, -16.9156], [-47.1747, -16.9174], [-47.1736, -16.9176], [-47.171, -16.9167], [-47.1682, -16.9139], [-47.1671, -16.9139], [-47.1654, -16.9169], [-47.1606, -16.9197], [-47.161, -16.9212], [-47.1641, -16.9217], [-47.1659, -16.9232], [-47.1682, -16.9282], [-47.1691, -16.9288], [-47.1743, -16.9295], [-47.1744, -16.9314], [-47.1713, -16.9336], [-47.1696, -16.939], [-47.1684, -16.9395], [-47.1654, -16.9369], [-47.1646, -16.9367], [-47.1627, -16.9379], [-47.1588, -16.939], [-47.158, -16.9399], [-47.1584, -16.9419], [-47.1595, -16.9433], [-47.1627, -16.9455], [-47.1666, -16.9489], [-47.1674, -16.9513], [-47.1673, -16.9526], [-47.1658, -16.953], [-47.1616, -16.9533], [-47.1545, -16.9529], [-47.1535, -16.9534], [-47.1529, -16.9551], [-47.1535, -16.9575], [-47.1547, -16.9583], [-47.1571, -16.9588], [-47.1602, -16.96], [-47.1597, -16.962], [-47.1575, -16.9644], [-47.1555, -16.965], [-47.152, -16.9653], [-47.1504, -16.965], [-47.145, -16.9629], [-47.1445, -16.964], [-47.1462, -16.9675], [-47.143, -16.9717], [-47.1392, -16.972], [-47.1377, -16.9727], [-47.1295, -16.9752], [-47.1283, -16.9759], [-47.1274, -16.9787], [-47.1297, -16.9858], [-47.131, -16.9878], [-47.1342, -16.9898], [-47.1374, -16.9907], [-47.1435, -16.9907], [-47.1468, -16.9932], [-47.1497, -16.9969], [-47.1514, -16.9973], [-47.1514, -16.9986], [-47.1501, -17.0006], [-47.1471, -16.9984], [-47.1463, -16.9984], [-47.1436, -17.0003], [-47.1405, -16.9986], [-47.1396, -16.9994], [-47.1396, -17.0032], [-47.14, -17.006], [-47.1419, -17.0058], [-47.143, -17.0038], [-47.1441, -17.0032], [-47.1446, -17.0049], [-47.1446, -17.0088], [-47.1438, -17.0106], [-47.1422, -17.01], [-47.1404, -17.008], [-47.138, -17.0065], [-47.1372, -17.0064], [-47.132, -17.0067], [-47.1317, -17.008], [-47.132, -17.0112], [-47.1354, -17.0131], [-47.1388, -17.0164], [-47.1403, -17.0186], [-47.1393, -17.0196], [-47.1374, -17.0203], [-47.1388, -17.0214], [-47.1424, -17.0224], [-47.143, -17.0232], [-47.1442, -17.0268], [-47.1449, -17.027], [-47.1468, -17.0262], [-47.1486, -17.0261], [-47.1465, -17.0283], [-47.1462, -17.0312], [-47.1466, -17.0323], [-47.1504, -17.0332], [-47.1524, -17.033], [-47.153, -17.0301], [-47.1552, -17.0272], [-47.1565, -17.0283], [-47.1569, -17.0295], [-47.1557, -17.0309], [-47.1556, -17.0332], [-47.1573, -17.0341], [-47.1582, -17.033], [-47.1583, -17.0302], [-47.1594, -17.0296], [-47.1621, -17.0312], [-47.163, -17.0324], [-47.1628, -17.035], [-47.1616, -17.0382], [-47.1632, -17.042], [-47.1639, -17.0426], [-47.1655, -17.0422], [-47.166, -17.0396], [-47.1679, -17.0396], [-47.1687, -17.0401], [-47.1685, -17.0428], [-47.1673, -17.0446], [-47.1646, -17.0455], [-47.1646, -17.047], [-47.1671, -17.048], [-47.1696, -17.0462], [-47.1731, -17.045], [-47.1754, -17.0417], [-47.1781, -17.0408], [-47.18, -17.0356], [-47.1821, -17.0355], [-47.1836, -17.0369], [-47.1846, -17.0387], [-47.184, -17.0417], [-47.1815, -17.0459], [-47.1815, -17.0503], [-47.1821, -17.0533], [-47.1808, -17.0538], [-47.1756, -17.0542], [-47.175, -17.0554], [-47.1773, -17.0578], [-47.1791, -17.0612], [-47.1804, -17.0628], [-47.1821, -17.064], [-47.1833, -17.0635], [-47.1859, -17.059], [-47.1874, -17.0583], [-47.189, -17.0588], [-47.189, -17.0599], [-47.1903, -17.0617], [-47.1935, -17.06], [-47.1959, -17.0604], [-47.1955, -17.0648], [-47.1963, -17.0666], [-47.1945, -17.0679], [-47.1934, -17.0667], [-47.1918, -17.0675], [-47.1918, -17.0696], [-47.1981, -17.0723], [-47.2003, -17.0711], [-47.2007, -17.0703], [-47.2028, -17.0704], [-47.2036, -17.0709], [-47.2055, -17.0707], [-47.2059, -17.0682], [-47.2078, -17.0673], [-47.2089, -17.0685], [-47.2104, -17.0724], [-47.2104, -17.0739], [-47.2072, -17.0784], [-47.2077, -17.0804], [-47.2088, -17.0809], [-47.2123, -17.0804], [-47.2137, -17.0796], [-47.2157, -17.0766], [-47.2175, -17.076], [-47.2205, -17.0775], [-47.222, -17.0764], [-47.2238, -17.0761], [-47.2252, -17.0775], [-47.2231, -17.0797], [-47.223, -17.0817], [-47.2249, -17.0824], [-47.226, -17.0807], [-47.2287, -17.08], [-47.2308, -17.0805], [-47.2337, -17.0824], [-47.233, -17.0844], [-47.2307, -17.0864], [-47.2291, -17.0857], [-47.2272, -17.084], [-47.223, -17.0847], [-47.2226, -17.0866], [-47.2244, -17.088], [-47.2269, -17.0873], [-47.2279, -17.0878], [-47.2297, -17.0897], [-47.2317, -17.0892], [-47.2395, -17.0837], [-47.2407, -17.0836], [-47.2425, -17.0875], [-47.2436, -17.0873], [-47.2451, -17.0858], [-47.246, -17.0825], [-47.2476, -17.0826], [-47.2482, -17.0915], [-47.2477, -17.0968], [-47.2482, -17.0986], [-47.2524, -17.0978], [-47.2541, -17.0989], [-47.255, -17.0983], [-47.2544, -17.0946], [-47.2564, -17.094], [-47.2575, -17.0955], [-47.2584, -17.0999], [-47.2593, -17.1008], [-47.2605, -17.1004], [-47.2624, -17.0979], [-47.2641, -17.0982], [-47.2647, -17.0993], [-47.264, -17.1059], [-47.2647, -17.1069], [-47.267, -17.1084], [-47.267, -17.1094], [-47.2656, -17.1111], [-47.2653, -17.1126], [-47.2659, -17.1136], [-47.2671, -17.1137], [-47.269, -17.1112], [-47.2719, -17.1064], [-47.2733, -17.1054], [-47.2749, -17.1058], [-47.2775, -17.111], [-47.2801, -17.114], [-47.282, -17.1149], [-47.2821, -17.116], [-47.2808, -17.1173], [-47.2796, -17.1173], [-47.276, -17.1161], [-47.2751, -17.1178], [-47.2753, -17.1215], [-47.2759, -17.1231], [-47.277, -17.1233], [-47.2797, -17.121], [-47.2817, -17.1215], [-47.2822, -17.1228], [-47.2817, -17.1254], [-47.2797, -17.1269], [-47.2763, -17.1274], [-47.2764, -17.1284], [-47.2782, -17.1302], [-47.2797, -17.1298], [-47.281, -17.128], [-47.2821, -17.1279], [-47.2834, -17.1306], [-47.2824, -17.1354], [-47.2836, -17.1372], [-47.2838, -17.1384], [-47.2816, -17.1421], [-47.2827, -17.1441], [-47.2868, -17.144], [-47.2881, -17.1435], [-47.2931, -17.1394], [-47.2958, -17.1386], [-47.296, -17.1409], [-47.2971, -17.142], [-47.2991, -17.1426], [-47.3035, -17.146], [-47.3042, -17.1469], [-47.3043, -17.1486], [-47.3031, -17.1521], [-47.303, -17.1545], [-47.3045, -17.1571], [-47.3074, -17.159], [-47.3094, -17.1588], [-47.3095, -17.1577], [-47.3087, -17.1532], [-47.3088, -17.1491], [-47.3092, -17.148], [-47.311, -17.1463], [-47.3134, -17.147], [-47.3146, -17.1488], [-47.3188, -17.1527], [-47.3206, -17.1513], [-47.3219, -17.152], [-47.3237, -17.1556], [-47.325, -17.1557], [-47.3265, -17.1542], [-47.3257, -17.149], [-47.3277, -17.1483], [-47.3323, -17.154], [-47.3321, -17.1559], [-47.3294, -17.1585], [-47.3298, -17.16], [-47.3313, -17.1628], [-47.3339, -17.1653], [-47.3365, -17.1654], [-47.3394, -17.1638], [-47.3406, -17.164], [-47.3419, -17.1659], [-47.3499, -17.1661], [-47.352, -17.1665], [-47.3528, -17.1677], [-47.353, -17.1698], [-47.3519, -17.1723], [-47.3485, -17.1762], [-47.349, -17.177], [-47.3518, -17.1781], [-47.3525, -17.1798], [-47.3517, -17.182], [-47.3498, -17.1832], [-47.3466, -17.1848], [-47.3418, -17.1859], [-47.3402, -17.1874], [-47.3407, -17.1883], [-47.3428, -17.1896], [-47.3452, -17.1889], [-47.3496, -17.1862], [-47.3517, -17.1862], [-47.354, -17.1879], [-47.3567, -17.1886], [-47.3582, -17.1883], [-47.3603, -17.1857], [-47.3618, -17.1851], [-47.3622, -17.1876], [-47.3573, -17.1946], [-47.3565, -17.1951], [-47.3541, -17.1947], [-47.3519, -17.195], [-47.3502, -17.1965], [-47.3499, -17.2023], [-47.3506, -17.2056], [-47.3529, -17.206], [-47.3561, -17.2026], [-47.3608, -17.2046], [-47.3614, -17.2063], [-47.3608, -17.2097], [-47.3638, -17.2107], [-47.3642, -17.212], [-47.3642, -17.2158], [-47.3619, -17.2202], [-47.3626, -17.2227], [-47.3644, -17.2227], [-47.3661, -17.2218], [-47.3695, -17.2177], [-47.3747, -17.2163], [-47.376, -17.2172], [-47.3755, -17.2191], [-47.3736, -17.2201], [-47.3743, -17.2221], [-47.3757, -17.2221], [-47.3786, -17.22], [-47.3793, -17.2208], [-47.38, -17.2239], [-47.3845, -17.2259], [-47.3853, -17.228], [-47.3834, -17.2297], [-47.3818, -17.2322], [-47.3815, -17.2345], [-47.3808, -17.2354], [-47.379, -17.2363], [-47.3797, -17.2374], [-47.3809, -17.2379], [-47.3862, -17.2382], [-47.3873, -17.2391], [-47.3869, -17.2411], [-47.3851, -17.2422], [-47.3831, -17.2425], [-47.3819, -17.2434], [-47.3827, -17.2454], [-47.3842, -17.2478], [-47.3865, -17.2498], [-47.3887, -17.2489], [-47.389, -17.2459], [-47.3896, -17.2451], [-47.3961, -17.2428], [-47.3989, -17.2426], [-47.4025, -17.2445], [-47.4078, -17.246], [-47.4101, -17.2476], [-47.4111, -17.2492], [-47.4111, -17.2511], [-47.4105, -17.2527], [-47.4083, -17.2538], [-47.4067, -17.2554], [-47.4087, -17.2572], [-47.4105, -17.2578], [-47.416, -17.2574], [-47.4176, -17.2577], [-47.4223, -17.2596], [-47.4231, -17.2621], [-47.4182, -17.2624], [-47.4166, -17.2658], [-47.4171, -17.2695], [-47.4178, -17.2705], [-47.4193, -17.2709], [-47.422, -17.2702], [-47.428, -17.2715], [-47.4317, -17.2733], [-47.4345, -17.2762], [-47.4345, -17.2808], [-47.4328, -17.2835], [-47.4301, -17.2842], [-47.4277, -17.2836], [-47.4255, -17.2836], [-47.4238, -17.2862], [-47.4218, -17.2872], [-47.4195, -17.2924], [-47.4192, -17.2954], [-47.4197, -17.3002], [-47.4204, -17.3024], [-47.4212, -17.3039], [-47.4275, -17.3063], [-47.4294, -17.308], [-47.426, -17.3122], [-47.423, -17.3141], [-47.4217, -17.316], [-47.4218, -17.3213], [-47.4229, -17.3231], [-47.4242, -17.324], [-47.43, -17.3219], [-47.4312, -17.3212], [-47.4325, -17.3181], [-47.4333, -17.3173], [-47.4354, -17.317], [-47.4379, -17.3179], [-47.4391, -17.3192], [-47.4401, -17.3213], [-47.4419, -17.323], [-47.4429, -17.3231], [-47.4448, -17.3218], [-47.4457, -17.3218], [-47.4478, -17.3236], [-47.4503, -17.3241], [-47.451, -17.325], [-47.4502, -17.3282], [-47.451, -17.3291], [-47.4537, -17.3286], [-47.4549, -17.3297], [-47.4543, -17.3319], [-47.452, -17.3339], [-47.4499, -17.335], [-47.4491, -17.3382], [-47.4445, -17.3408], [-47.4438, -17.3439], [-47.4419, -17.3458], [-47.4405, -17.3465], [-47.4416, -17.3484], [-47.4441, -17.348], [-47.4471, -17.3493], [-47.4483, -17.3488], [-47.4486, -17.3464], [-47.4504, -17.3452], [-47.4534, -17.3448], [-47.4576, -17.3437], [-47.46, -17.3442], [-47.4613, -17.3465], [-47.4608, -17.3485], [-47.4599, -17.3493], [-47.4575, -17.3499], [-47.4565, -17.3508], [-47.4575, -17.3532], [-47.464, -17.3558], [-47.4662, -17.3552], [-47.4674, -17.3518], [-47.4713, -17.3488], [-47.4722, -17.3452], [-47.4732, -17.3447], [-47.4759, -17.3451], [-47.4789, -17.3482], [-47.48, -17.3485], [-47.483, -17.348], [-47.4842, -17.3481], [-47.4868, -17.3495], [-47.4886, -17.3487], [-47.489, -17.3463], [-47.4908, -17.3448], [-47.4928, -17.3451], [-47.4943, -17.3462], [-47.4957, -17.3456], [-47.496, -17.3425], [-47.4969, -17.3409], [-47.4975, -17.3376], [-47.4984, -17.336], [-47.5021, -17.3335], [-47.5068, -17.3319], [-47.508, -17.332], [-47.509, -17.3332], [-47.5104, -17.3325], [-47.511, -17.3306], [-47.5091, -17.3274], [-47.5094, -17.3265], [-47.5108, -17.3261], [-47.5131, -17.3278], [-47.5137, -17.3293], [-47.5128, -17.3322], [-47.5126, -17.3353], [-47.5098, -17.3387], [-47.5077, -17.3393], [-47.5056, -17.3375], [-47.5043, -17.3379], [-47.5051, -17.3405], [-47.5065, -17.3422], [-47.5104, -17.3443], [-47.5161, -17.3458], [-47.5172, -17.3466], [-47.5189, -17.3496], [-47.5209, -17.3514], [-47.5223, -17.3537], [-47.5223, -17.355], [-47.5211, -17.3572], [-47.5198, -17.3577], [-47.5179, -17.3569], [-47.5154, -17.3564], [-47.5146, -17.3583], [-47.5151, -17.3606], [-47.5157, -17.3643], [-47.5171, -17.3667], [-47.5171, -17.3688], [-47.5158, -17.3722], [-47.5143, -17.3743], [-47.5157, -17.3765], [-47.5167, -17.3771], [-47.5185, -17.3762], [-47.52, -17.376], [-47.5206, -17.3768], [-47.5197, -17.3791], [-47.521, -17.3815], [-47.5246, -17.3831], [-47.5279, -17.3833], [-47.5284, -17.3815], [-47.528, -17.3799], [-47.5286, -17.3782], [-47.531, -17.3775], [-47.5325, -17.3787], [-47.5333, -17.3802], [-47.531, -17.3829], [-47.5295, -17.3858], [-47.5287, -17.3881], [-47.5299, -17.3897], [-47.5318, -17.3884], [-47.5356, -17.3891], [-47.5385, -17.3881], [-47.5396, -17.3896], [-47.5381, -17.3931], [-47.537, -17.3944], [-47.534, -17.3941], [-47.5336, -17.3953], [-47.5348, -17.3975], [-47.5348, -17.3989], [-47.5341, -17.4005], [-47.5324, -17.4022], [-47.5283, -17.4054], [-47.5247, -17.4093], [-47.5246, -17.4119], [-47.5254, -17.4145], [-47.5265, -17.4147], [-47.5287, -17.4108], [-47.5294, -17.4104], [-47.5329, -17.4104], [-47.5361, -17.4081], [-47.538, -17.4084], [-47.538, -17.4103], [-47.5374, -17.4118], [-47.5351, -17.4131], [-47.5326, -17.4132], [-47.5315, -17.414], [-47.5295, -17.4191], [-47.5296, -17.4216], [-47.5292, -17.4236], [-47.5277, -17.4255], [-47.5263, -17.4257], [-47.5252, -17.423], [-47.5239, -17.4226], [-47.5217, -17.4254], [-47.5218, -17.4262], [-47.5244, -17.4278], [-47.5273, -17.4281], [-47.5284, -17.429], [-47.5289, -17.4309], [-47.5283, -17.4382], [-47.5284, -17.4396], [-47.5301, -17.443], [-47.5315, -17.4432], [-47.534, -17.4424], [-47.5355, -17.443], [-47.5352, -17.4451], [-47.5358, -17.4464], [-47.5372, -17.4466], [-47.5405, -17.4455], [-47.5412, -17.4466], [-47.5399, -17.4495], [-47.5399, -17.4507], [-47.5413, -17.4535], [-47.5406, -17.4552], [-47.5382, -17.4555], [-47.5369, -17.4561], [-47.5366, -17.4571], [-47.5349, -17.4581], [-47.5334, -17.4571], [-47.5316, -17.4589], [-47.53, -17.4591], [-47.5275, -17.4606], [-47.5253, -17.4593], [-47.5238, -17.4596], [-47.5219, -17.4584], [-47.5204, -17.4598], [-47.5193, -17.459], [-47.5156, -17.4602], [-47.5146, -17.461], [-47.5133, -17.4632], [-47.513, -17.4645], [-47.5134, -17.4665], [-47.5144, -17.4689], [-47.5144, -17.4706], [-47.5136, -17.4721], [-47.5124, -17.4769], [-47.511, -17.4771], [-47.507, -17.4791], [-47.5059, -17.4793], [-47.5035, -17.4823], [-47.5027, -17.4857], [-47.5029, -17.4902], [-47.5055, -17.4925], [-47.5084, -17.4964], [-47.5089, -17.5012], [-47.5082, -17.5035], [-47.5057, -17.508], [-47.5047, -17.5092], [-47.503, -17.5097], [-47.5014, -17.5111], [-47.4968, -17.5138], [-47.4947, -17.5169], [-47.4932, -17.5182], [-47.4912, -17.5188], [-47.4866, -17.5176], [-47.4852, -17.5164], [-47.4843, -17.5123], [-47.4829, -17.5109], [-47.4817, -17.5109], [-47.4773, -17.5128], [-47.4756, -17.5153], [-47.4747, -17.5207], [-47.473, -17.523], [-47.4701, -17.5264], [-47.4684, -17.5312], [-47.4669, -17.534], [-47.4643, -17.535], [-47.4614, -17.5366], [-47.4568, -17.5396], [-47.4547, -17.5418], [-47.4532, -17.5397], [-47.4517, -17.5366], [-47.4499, -17.5351], [-47.4498, -17.5328], [-47.4488, -17.5314], [-47.4472, -17.5319], [-47.4445, -17.5297], [-47.4418, -17.5291], [-47.4394, -17.5277], [-47.4396, -17.5271], [-47.436, -17.5259], [-47.4328, -17.5261], [-47.4315, -17.5237], [-47.4292, -17.524], [-47.4259, -17.5223], [-47.4238, -17.5233], [-47.4211, -17.5217], [-47.4171, -17.521], [-47.4152, -17.521], [-47.4129, -17.5191], [-47.411, -17.5181], [-47.4091, -17.5179], [-47.4071, -17.5167], [-47.4061, -17.5156], [-47.404, -17.5149], [-47.4042, -17.5142], [-47.4021, -17.5134], [-47.4004, -17.5118], [-47.3974, -17.5116], [-47.3961, -17.5123], [-47.3931, -17.5125], [-47.3881, -17.514], [-47.3876, -17.5131], [-47.3851, -17.5125], [-47.3843, -17.5153], [-47.3829, -17.5163], [-47.3802, -17.519], [-47.3788, -17.5211], [-47.3771, -17.5226], [-47.3747, -17.5235], [-47.3712, -17.5233], [-47.3699, -17.524], [-47.3653, -17.5237], [-47.3627, -17.5244], [-47.3594, -17.5235], [-47.3583, -17.5239], [-47.3555, -17.5237], [-47.3526, -17.5244], [-47.3521, -17.5251], [-47.3495, -17.5261], [-47.347, -17.5254], [-47.345, -17.526], [-47.3409, -17.5243], [-47.3373, -17.5224], [-47.3338, -17.5219], [-47.3292, -17.5233], [-47.3254, -17.5238], [-47.3208, -17.5312], [-47.3173, -17.5357], [-47.3147, -17.5398], [-47.3131, -17.5434]]]}}, {"type": "Feature", "properties": {"codigo": "3162955", "nome": "São José da Lapa"}, "geometry": {"type": "Polygon", "coordinates": [[[-44.007, -19.7221], [-44.0058, -19.7223], [-44.0037, -19.7207], [-44.0019, -19.721], [-44.0016, -19.7239], [-44.0001, -19.7256], [-43.997, -19.7259], [-43.9952, -19.7267], [-43.9933, -19.728], [-43.9921, -19.7318], [-43.9903, -19.7339], [-43.9897, -19.7353], [-43.9881, -19.7365], [-43.9853, -19.7366], [-43.9831, -19.7358], [-43.9805, -19.7337], [-43.9801, -19.7327], [-43.9769, -19.7311], [-43.9739, -19.7237], [-43.9735, -19.722], [-43.9701, -19.713], [-43.9639, -19.7173], [-43.9643, -19.7185], [-43.9631, -19.7216], [-43.9613, -19.7234], [-43.9598, -19.7225], [-43.9573, -19.7195], [-43.9575, -19.7183], [-43.9556, -19.7159], [-43.9554, -19.7129], [-43.9532, -19.7104], [-43.9515, -19.708], [-43.9497, -19.7067], [-43.9469, -19.7067], [-43.9432, -19.7074], [-43.9414, -19.7085], [-43.9378, -19.7086], [-43.9363, -19.7076], [-43.9355, -19.7054], [-43.9364, -19.7028], [-43.938, -19.6995], [-43.9393, -19.6984], [-43.9427, -19.694], [-43.9502, -19.6853], [-43.9518, -19.6809], [-43.9541, -19.6752], [-43.9546, -19.6723], [-43.9571, -19.6708], [-43.9571, -19.6699], [-43.9601, -19.6694], [-43.9617, -19.6697], [-43.9642, -19.6696], [-43.9651, -19.6702], [-43.9671, -19.6743], [-43.9683, -19.6744], [-43.9702, -19.6766], [-43.9717, -19.6797], [-43.974, -19.681], [-43.9759, -19.6795], [-43.9774, -19.6797], [-43.9783, -19.6814], [-43.9773, -19.6842], [-43.9827, -19.6853], [-43.9822, -19.6865], [-43.9843, -19.687], [-43.9855, -19.6883], [-43.9866, -19.6869], [-43.988, -19.6873], [-43.9903, -19.6832], [-43.9922, -19.6834], [-43.9918, -19.6815], [-43.9934, -19.6787], [-43.9936, -19.676], [-43.9943, -19.6745], [-43.9939, -19.6726], [-43.9949, -19.6707], [-43.9986, -19.6685], [-43.9979, -19.6672], [-43.9981, -19.6636], [-43.9996, -19.663], [-43.9993, -19.6612], [-44.0028, -19.6609], [-44.0037, -19.6601], [-44.0043, -19.6566], [-44.0053, -19.6557], [-44.008, -19.6563], [-44.012, -19.6595], [-44.0125, -19.6623], [-44.0117, -19.664], [-44.0123, -19.6659], [-44.0124, -19.6679], [-44.0118, -19.6711], [-44.0121, -19.6729], [-44.0138, -19.6737], [-44.0173, -19.6733], [-44.0211, -19.6723], [-44.0228, -19.6741], [-44.0288, -19.6757], [-44.0338, -19.6783], [-44.036, -19.6805], [-44.0386, -19.681], [-44.0402, -19.6819], [-44.0411, -19.6833], [-44.0411, -19.6858], [-44.0415, -19.6882], [-44.0404, -19.6901], [-44.0381, -19.6913], [-44.0352, -19.6933], [-44.0344, -19.6943], [-44.034, -19.6962], [-44.0354, -19.6986], [-44.0385, -19.7001], [-44.0391, -19.7016], [-44.0375, -19.7036], [-44.0364, -19.7063], [-44.0347, -19.708], [-44.0333, -19.7088], [-44.0301, -19.7091], [-44.0291, -19.7101], [-44.0275, -19.7102], [-44.0259, -19.711], [-44.0239, -19.7107], [-44.0222, -19.7121], [-44.0191, -19.7121], [-44.0183, -19.7103], [-44.0162, -19.7107], [-44.0142, -19.709], [-44.0112, -19.7075], [-44.0092, -19.7058], [-44.0078, -19.704], [-44.0069, -19.7047], [-44.0062, -19.7126], [-44.0077, -19.714], [-44.009, -19.7167], [-44.0094, -19.7204], [-44.007, -19.7221]]]}}, {"type": "Feature", "properties": {"codigo": "3168705", "nome": "Timóteo"}, "geometry": {"type": "Polygon", "coordinates": [[[-42.689, -19.5407], [-42.6859, -19.5418], [-42.6866, -19.5438], [-42.6907, -19.5482], [-42.6912, -19.5503], [-42.6903, -19.5526], [-42.6908, -19.5544], [-42.6928, -19.5567], [-42.6949, -19.5599], [-42.6953, -19.5612], [-42.6952, -19.5648], [-42.6957, -19.5663], [-42.6973, -19.5691], [-42.6988, -19.5742], [-42.6989, -19.579], [-42.6987, -19.5814], [-42.6979, -19.5847], [-42.6979, -19.5882], [-42.6993, -19.5914], [-42.7035, -19.5958], [-42.7052, -19.597], [-42.7083, -19.5982], [-42.7094, -19.6001], [-42.7079, -19.6038], [-42.7094, -19.6069], [-42.7087, -19.6082], [-42.7063, -19.6083], [-42.7012, -19.6114], [-42.6997, -19.6116], [-42.6982, -19.6111], [-42.6971, -19.6099], [-42.6948, -19.606], [-42.6927, -19.6039], [-42.6868, -19.5993], [-42.6848, -19.5959], [-42.6804, -19.5917], [-42.6774, -19.5897], [-42.6758, -19.5877], [-42.6726, -19.5849], [-42.6704, -19.5838], [-42.668, -19.5833], [-42.6656, -19.5835], [-42.6637, -19.584], [-42.66, -19.587], [-42.6585, -19.5908], [-42.6571, -19.5928], [-42.6546, -19.5934], [-42.6522, -19.5921], [-42.6503, -19.5915], [-42.6462, -19.5916], [-42.6418, -19.5925], [-42.6378, -19.5918], [-42.6368, -19.5913], [-42.6325, -19.5911], [-42.6306, -19.592], [-42.6277, -19.5946], [-42.6233, -19.5972], [-42.6216, -19.6003], [-42.6191, -19.6019], [-42.6178, -19.6038], [-42.6163, -19.604], [-42.612, -19.6057], [-42.6089, -19.6058], [-42.6074, -19.6045], [-42.6027, -19.6043], [-42.6012, -19.6039], [-42.5987, -19.6042], [-42.5981, -19.6048], [-42.5969, -19.6111], [-42.5961, -19.6118], [-42.5926, -19.6126], [-42.5905, -19.6126], [-42.5888, -19.6135], [-42.5867, -19.6137], [-42.5854, -19.6153], [-42.5845, -19.6154], [-42.5816, -19.6146], [-42.5794, -19.6156], [-42.5766, -19.6145], [-42.5745, -19.6142], [-42.5731, -19.6134], [-42.5715, -19.6109], [-42.5703, -19.6078], [-42.5686, -19.6066], [-42.5681, -19.6051], [-42.5683, -19.6026], [-42.5672, -19.6004], [-42.565, -19.5981], [-42.5637, -19.5974], [-42.5628, -19.5957], [-42.563, -19.5947], [-42.5643, -19.5932], [-42.5651, -19.5894], [-42.5655, -19.5862], [-42.5652, -19.5844], [-42.5628, -19.5828], [-42.5627, -19.5805], [-42.5609, -19.5787], [-42.5598, -19.577], [-42.5571, -19.5755], [-42.5549, -19.5725], [-42.5512, -19.5708], [-42.5502, -19.5706], [-42.5487, -19.572], [-42.5473, -19.5722], [-42.5459, -19.5715], [-42.5422, -19.5666], [-42.5401, -19.5654], [-42.5407, -19.5639], [-42.5407, -19.5615], [-42.5404, -19.5596], [-42.5395, -19.5581], [-42.5367, -19.5572], [-42.5346, -19.5582], [-42.5332, -19.5584], [-42.5312, -19.557], [-42.5292, -19.5576], [-42.5277, -19.5558], [-42.5236, -19.5567], [-42.5217, -19.5548], [-42.5207, -19.5527], [-42.5184, -19.5517], [-42.5127, -19.5518], [-42.5109, -19.5514], [-42.5095, -19.55], [-42.5085, -19.5457], [-42.5074, -19.5385], [-42.5054, -19.5349], [-42.5042, -19.5335], [-42.5021, -19.5303], [-42.5009, -19.5269], [-42.5013, -19.5214], [-42.5022, -19.5191], [-42.5031, -19.5158], [-42.5038, -19.5149], [-42.5049, -19.5141], [-42.511, -19.5109], [-42.5171, -19.508], [-42.5209, -19.5049], [-42.5217, -19.5038], [-42.5217, -19.5009], [-42.5212, -19.4998], [-42.517, -19.4949], [-42.5143, -19.4923], [-42.517, -19.492], [-42.5199, -19.4927], [-42.5248, -19.4933], [-42.5293, -19.4964], [-42.5325, -19.4992], [-42.5348, -19.4998], [-42.5364, -19.4993], [-42.5392, -19.5], [-42.5412, -19.5031], [-42.5405, -19.5075], [-42.5396, -19.5092], [-42.5382, -19.5108], [-42.5381, -19.5118], [-42.5403, -19.513], [-42.5421, -19.513], [-42.5449, -19.5123], [-42.5484, -19.5127], [-42.55, -19.5123], [-42.5517, -19.5107], [-42.5535, -19.51], [-42.5548, -19.5106], [-42.5557, -19.5121], [-42.5565, -19.5151], [-42.5579, -19.517], [-42.5607, -19.5188], [-42.5642, -19.5198], [-42.5669, -19.5204], [-42.5701, -19.5218], [-42.5696, -19.5203], [-42.5677, -19.5189], [-42.5678, -19.5172], [-42.5689, -19.515], [-42.5702, -19.5101], [-42.5712, -19.51], [-42.5736, -19.5153], [-42.5747, -19.5216], [-42.5751, -19.5251], [-42.5746, -19.5266], [-42.5689, -19.5299], [-42.5683, -19.5314], [-42.5693, -19.5341], [-42.5706, -19.5351], [-42.5715, -19.5347], [-42.5731, -19.5318], [-42.5744, -19.5316], [-42.5751, -19.5352], [-42.5762, -19.5366], [-42.5791, -19.5366], [-42.5804, -19.5352], [-42.5834, -19.5344], [-42.5858, -19.535], [-42.5918, -19.5371], [-42.5985, -19.5375], [-42.6009, -19.5356], [-42.6019, -19.5335], [-42.6022, -19.5313], [-42.6032, -19.53], [-42.6055, -19.5297], [-42.6093, -19.5277], [-42.6096, -19.5263], [-42.6124, -19.5256], [-42.6169, -19.5263], [-42.6195, -19.5272], [-42.6216, -19.5291], [-42.6245, -19.5329], [-42.6258, -19.5333], [-42.6274, -19.5325], [-42.632, -19.5273], [-42.6361, -19.5258], [-42.6406, -19.5246], [-42.6429, -19.5249], [-42.6488, -19.5237], [-42.6507, -19.5214], [-42.6532, -19.5217], [-42.6541, -19.5229], [-42.6549, -19.5257], [-42.6577, -19.5256], [-42.6617, -19.5265], [-42.6656, -19.5268], [-42.667, -19.5281], [-42.6688, -19.5312], [-42.6724, -19.5359], [-42.6731, -19.5405], [-42.674, -19.541], [-42.6786, -19.5413], [-42.6796, -19.5417], [-42.6822, -19.5414], [-42.6851, -19.5385], [-42.6863, -19.5379], [-42.688, -19.539], [-42.689, -19.5407]]]}}]}